EmployeeID,Age,Gender,Department,JobRole,Education,ExperienceYears,MonthlySalary,PerformanceScore,AttendanceRate,Overtime,JobSatisfaction,YearsAtCompany,Attrition
E1001,59,Female,Finance,HR Executive,Bachelor's,16,100874,5,72.96,No,2,8,No
E1002,49,Male,Sales,Sales Executive,High School,0,63346,1,70.82,Yes,1,15,Yes
E1003,35,Male,HR,Operations Manager,High School,4,137138,1,76.65,No,5,14,Yes
E1004,28,Female,Operations,HR Executive,Bachelor's,8,75772,1,97.9,No,4,11,No
E1005,41,Male,HR,Financial Analyst,PhD,17,97084,3,77.01,Yes,5,14,No
E1006,59,Male,Finance,Software Engineer,Master's,20,65149,3,99.58,No,1,12,No
E1007,39,Female,Operations,Software Engineer,PhD,1,111700,3,81.98,No,1,11,No
E1008,43,Male,Marketing,Sales Executive,PhD,10,52526,5,71.27,No,1,0,No
E1009,31,Male,IT,Operations Manager,High School,5,121758,3,96.19,No,1,2,No
E1010,31,Female,Finance,Software Engineer,Master's,7,110712,2,81.11,Yes,2,5,No
E1011,44,Female,Finance,Operations Manager,Master's,3,93477,1,89.84,No,5,7,No
E1012,56,Male,Sales,Operations Manager,PhD,17,30695,5,99.43,No,3,3,No
E1013,44,Male,HR,Sales Executive,Bachelor's,10,64169,1,66.76,No,4,4,No
E1014,23,Female,Finance,Sales Executive,PhD,4,72947,3,68.38,No,1,8,No
E1015,42,Female,Finance,Sales Executive,Bachelor's,14,72224,5,90.22,No,5,5,Yes
E1016,22,Male,Marketing,Software Engineer,Master's,17,70865,4,74.86,Yes,1,11,No
E1017,44,Female,Marketing,Sales Executive,PhD,1,50553,2,71.45,No,1,6,No
E1018,50,Male,Operations,Software Engineer,High School,10,129501,3,66.38,No,1,6,No
E1019,58,Male,IT,Sales Executive,PhD,12,85410,3,65.76,No,1,3,No
E1020,22,Male,Sales,Marketing Specialist,Master's,3,128754,2,92.11,No,1,3,No
E1021,41,Male,IT,Operations Manager,High School,6,115895,2,69.71,No,4,3,Yes
E1022,53,Male,Operations,Sales Executive,High School,10,49816,4,81.37,No,5,13,No
E1023,32,Female,Marketing,HR Executive,Bachelor's,3,80026,3,86.21,Yes,1,14,No
E1024,42,Female,HR,Operations Manager,High School,14,75705,3,79.99,No,1,10,No
E1025,45,Female,Marketing,Operations Manager,High School,0,86922,1,65.95,No,1,4,No
E1026,47,Female,Sales,Sales Executive,PhD,2,140700,5,92.42,No,1,4,No
E1027,48,Male,Marketing,Financial Analyst,Master's,13,98914,5,65.37,No,2,7,No
E1028,36,Male,Sales,Sales Executive,Bachelor's,5,26881,1,91.67,No,2,8,No
E1029,35,Male,Sales,Operations Manager,PhD,17,64567,5,96.27,No,3,1,No
E1030,23,Male,Sales,HR Executive,High School,0,72365,2,80.15,No,1,10,Yes
E1031,57,Female,Operations,Operations Manager,High School,5,104211,5,83.74,No,3,6,No
E1032,27,Male,Sales,HR Executive,Bachelor's,5,95122,5,81.69,No,4,0,Yes
E1033,41,Male,Sales,Software Engineer,Master's,20,50006,1,78.62,No,3,15,Yes
E1034,29,Female,HR,Marketing Specialist,Bachelor's,15,66198,4,96.06,No,5,0,No
E1035,59,Female,IT,Operations Manager,PhD,4,47831,5,96.29,No,2,3,Yes
E1036,38,Female,Finance,Sales Executive,Bachelor's,16,125649,5,76.75,No,2,9,No
E1037,24,Female,IT,Software Engineer,High School,9,41459,4,86.53,No,1,6,No
E1038,45,Male,Sales,Marketing Specialist,PhD,20,57443,1,97.44,No,1,1,No
E1039,34,Male,HR,Sales Executive,High School,17,67316,4,98.67,Yes,4,10,No
E1040,29,Female,Marketing,Financial Analyst,Master's,6,121131,1,82.81,Yes,4,1,Yes
E1041,46,Male,HR,Sales Executive,High School,2,89486,2,80.85,No,5,0,No
E1042,22,Male,Sales,HR Executive,High School,12,30877,1,74.75,No,1,9,No
E1043,40,Male,HR,HR Executive,Bachelor's,14,64553,2,98.56,No,1,1,No
E1044,48,Female,HR,Financial Analyst,High School,19,139137,2,70.0,No,4,12,Yes
E1045,27,Male,Sales,Software Engineer,PhD,18,29922,1,85.29,Yes,4,14,No
E1046,28,Female,Operations,Marketing Specialist,PhD,2,147778,3,74.89,No,4,6,Yes
E1047,55,Male,HR,Sales Executive,Master's,3,142018,1,74.77,No,2,8,No
E1048,34,Male,Finance,HR Executive,PhD,4,29686,5,79.17,No,3,5,No
E1049,37,Male,Finance,Software Engineer,Bachelor's,0,57766,5,99.96,No,3,9,Yes
E1050,56,Female,HR,Financial Analyst,Master's,3,104943,3,66.92,Yes,1,1,No
E1051,24,Male,Operations,Operations Manager,PhD,11,57006,2,85.25,Yes,2,11,No
E1052,22,Female,Marketing,HR Executive,Bachelor's,9,56422,3,67.89,No,4,14,No
E1053,26,Female,Sales,Financial Analyst,PhD,20,141590,5,70.41,No,1,9,No
E1054,24,Female,Finance,Sales Executive,PhD,19,37205,3,80.38,No,2,14,No
E1055,49,Male,Marketing,Marketing Specialist,High School,12,111590,1,82.87,Yes,5,9,No
E1056,38,Male,HR,HR Executive,PhD,13,48527,3,74.06,Yes,2,12,Yes
E1057,46,Male,Marketing,HR Executive,PhD,4,136483,2,76.08,No,1,8,No
E1058,54,Male,IT,Sales Executive,Bachelor's,3,43443,1,68.04,No,3,6,Yes
E1059,30,Female,Finance,Operations Manager,Bachelor's,13,41524,4,75.61,No,4,10,No
E1060,56,Female,HR,Software Engineer,High School,9,141477,5,98.83,Yes,5,0,No
E1061,34,Female,Sales,Marketing Specialist,PhD,16,53202,5,98.06,No,2,11,No
E1062,51,Male,Operations,HR Executive,High School,9,90552,3,76.72,Yes,1,8,No
E1063,35,Female,HR,Marketing Specialist,PhD,6,71142,1,84.98,Yes,1,1,No
E1064,28,Male,Sales,HR Executive,Master's,15,86692,4,96.84,No,4,3,No
E1065,34,Female,Operations,Marketing Specialist,Master's,0,107384,1,65.22,Yes,1,8,No
E1066,43,Male,Operations,Financial Analyst,High School,16,45855,5,93.37,Yes,1,15,No
E1067,41,Male,HR,HR Executive,High School,20,108747,1,98.19,No,4,3,No
E1068,36,Female,Marketing,Marketing Specialist,High School,8,85372,4,68.2,No,5,15,No
E1069,38,Female,Marketing,Software Engineer,Bachelor's,5,50095,3,70.65,No,3,2,Yes
E1070,44,Female,Operations,Financial Analyst,Bachelor's,18,63724,2,98.63,No,3,0,No
E1071,46,Female,Marketing,Financial Analyst,Bachelor's,12,74241,1,83.81,Yes,2,6,No
E1072,45,Male,IT,Software Engineer,High School,2,128119,2,65.5,Yes,5,14,No
E1073,49,Female,Operations,Marketing Specialist,PhD,6,77003,5,74.02,No,2,5,No
E1074,35,Female,Operations,Sales Executive,Master's,8,93379,3,80.75,No,3,9,No
E1075,21,Female,Sales,Software Engineer,High School,4,119837,3,89.25,No,4,15,No
E1076,45,Male,Marketing,Marketing Specialist,Bachelor's,9,116996,1,90.66,Yes,1,3,No
E1077,27,Male,Operations,Software Engineer,Bachelor's,16,122454,3,99.84,No,3,5,No
E1078,29,Female,IT,Software Engineer,High School,11,119283,1,75.06,Yes,5,5,No
E1079,44,Male,Sales,HR Executive,High School,15,40972,1,83.84,No,3,12,No
E1080,21,Female,HR,Marketing Specialist,Bachelor's,2,148805,2,83.67,No,5,15,No
E1081,28,Male,Operations,Sales Executive,PhD,8,118846,3,79.2,No,5,3,No
E1082,44,Male,IT,HR Executive,Bachelor's,14,47927,1,70.92,No,5,13,No
E1083,31,Male,Finance,Software Engineer,Bachelor's,4,145589,2,99.21,No,2,12,No
E1084,37,Male,IT,Operations Manager,High School,12,140657,4,94.87,No,4,5,No
E1085,28,Female,IT,Software Engineer,PhD,13,91630,2,82.44,No,3,9,No
E1086,55,Female,Sales,Software Engineer,Bachelor's,19,129428,2,86.11,Yes,4,10,No
E1087,55,Female,HR,Marketing Specialist,Bachelor's,14,147035,1,72.95,No,1,7,No
E1088,53,Male,Finance,Marketing Specialist,Master's,15,77347,5,84.03,Yes,3,12,No
E1089,25,Female,Marketing,HR Executive,High School,12,124708,5,89.32,No,4,2,No
E1090,59,Female,Marketing,Sales Executive,Master's,16,113860,5,83.03,No,4,3,No
E1091,48,Female,IT,HR Executive,Master's,7,111210,2,99.66,No,1,9,No
E1092,27,Male,Sales,Financial Analyst,Bachelor's,20,94518,1,86.4,No,5,12,No
E1093,29,Male,Sales,Software Engineer,High School,1,70283,3,77.98,Yes,3,11,No
E1094,28,Male,Marketing,Operations Manager,PhD,4,106326,2,92.03,No,3,13,No
E1095,32,Female,Finance,Software Engineer,Bachelor's,5,37205,2,70.97,No,1,14,No
E1096,54,Female,HR,Software Engineer,PhD,11,145243,1,78.46,No,5,0,No
E1097,53,Female,Finance,HR Executive,PhD,17,114874,4,77.14,No,3,3,No
E1098,43,Male,Operations,Operations Manager,High School,0,37748,2,80.11,No,3,10,No
E1099,44,Male,Operations,Operations Manager,Master's,16,46097,4,92.36,No,3,9,No
E1100,57,Female,HR,Operations Manager,High School,10,28092,4,81.95,Yes,5,9,No
E1101,55,Male,Marketing,HR Executive,PhD,9,78311,5,92.79,Yes,1,11,No
E1102,42,Male,HR,Software Engineer,Bachelor's,18,47692,1,85.18,No,3,13,No
E1103,47,Male,Sales,HR Executive,PhD,13,149954,4,76.97,No,4,8,Yes
E1104,55,Male,Operations,Marketing Specialist,Bachelor's,9,48862,1,93.35,No,5,7,No
E1105,21,Female,IT,Marketing Specialist,Bachelor's,14,115396,5,73.34,No,2,10,No
E1106,55,Male,IT,HR Executive,High School,18,104507,1,72.85,No,1,3,No
E1107,57,Male,Marketing,Operations Manager,PhD,3,105152,2,82.66,No,4,11,No
E1108,34,Male,Sales,Software Engineer,Master's,1,95469,4,74.13,Yes,3,6,No
E1109,23,Male,Finance,HR Executive,PhD,8,29926,1,65.32,Yes,2,9,No
E1110,21,Female,Sales,HR Executive,PhD,9,116299,3,87.69,No,1,2,No
E1111,25,Female,IT,HR Executive,Master's,10,28969,1,82.89,No,5,8,Yes
E1112,46,Male,IT,Financial Analyst,High School,13,60733,4,80.59,No,2,9,No
E1113,34,Male,Operations,Marketing Specialist,PhD,6,94855,5,98.84,No,2,3,No
E1114,59,Male,Sales,Operations Manager,PhD,14,66743,5,84.99,Yes,4,1,No
E1115,47,Male,Sales,Sales Executive,Bachelor's,18,64876,4,95.22,No,1,9,Yes
E1116,29,Male,IT,Operations Manager,PhD,14,132445,2,69.88,Yes,4,4,Yes
E1117,35,Male,Finance,Sales Executive,Master's,7,45323,2,84.92,No,4,1,No
E1118,35,Female,Marketing,Financial Analyst,Bachelor's,10,41428,5,95.38,No,3,13,Yes
E1119,46,Male,Marketing,HR Executive,High School,8,59578,5,85.41,No,5,9,Yes
E1120,33,Female,Sales,Financial Analyst,Bachelor's,14,111486,4,90.13,No,2,15,No
E1121,52,Female,Marketing,Financial Analyst,Master's,0,133577,2,78.02,Yes,1,5,No
E1122,59,Male,IT,Software Engineer,Master's,0,89140,5,68.24,No,5,10,No
E1123,52,Female,IT,Marketing Specialist,Bachelor's,18,132325,2,81.03,No,5,9,Yes
E1124,24,Female,Sales,Sales Executive,High School,2,108829,5,78.81,No,1,0,Yes
E1125,50,Female,Sales,HR Executive,Bachelor's,9,31364,1,95.35,No,5,13,No
E1126,57,Female,Operations,Sales Executive,High School,7,60349,3,73.54,No,3,5,No
E1127,43,Female,Sales,Operations Manager,Bachelor's,14,25691,1,98.84,No,5,3,Yes
E1128,59,Female,Finance,Sales Executive,Master's,9,120598,5,98.53,Yes,3,2,No
E1129,35,Male,Marketing,Operations Manager,PhD,0,91467,3,73.67,No,2,1,No
E1130,49,Female,Sales,Marketing Specialist,PhD,17,70896,3,77.18,Yes,2,6,No
E1131,56,Female,HR,Operations Manager,High School,1,82062,5,96.34,No,4,8,No
E1132,33,Female,Operations,Sales Executive,High School,18,122266,5,98.83,No,3,11,No
E1133,52,Male,HR,Sales Executive,High School,12,104762,2,80.52,No,2,2,No
E1134,27,Female,IT,Operations Manager,Master's,0,38861,5,76.23,No,5,15,No
E1135,42,Male,Marketing,Financial Analyst,Bachelor's,1,121837,4,83.41,No,1,5,No
E1136,48,Female,Sales,Marketing Specialist,Master's,15,138779,5,89.07,Yes,1,8,No
E1137,22,Male,HR,Software Engineer,PhD,14,113302,4,74.57,No,3,15,No
E1138,26,Male,Marketing,HR Executive,High School,12,126710,5,90.78,No,4,1,No
E1139,48,Female,IT,Sales Executive,Bachelor's,15,88928,2,66.81,No,5,6,No
E1140,48,Female,Finance,HR Executive,PhD,16,131643,4,66.73,Yes,3,4,Yes
E1141,40,Male,Operations,Software Engineer,PhD,20,140720,1,78.52,No,1,4,No
E1142,50,Female,Marketing,HR Executive,PhD,6,108231,4,77.37,No,3,10,Yes
E1143,31,Male,Marketing,Software Engineer,Master's,16,66347,2,76.05,No,5,6,No
E1144,48,Male,Finance,Operations Manager,High School,6,28121,4,82.19,No,2,8,Yes
E1145,45,Male,Marketing,Financial Analyst,PhD,12,108793,5,76.23,No,5,3,No
E1146,59,Male,IT,Sales Executive,High School,4,53164,5,71.73,No,2,8,Yes
E1147,53,Male,IT,Software Engineer,Master's,16,50491,2,75.83,No,2,14,No
E1148,21,Female,Finance,HR Executive,PhD,2,84222,3,99.12,Yes,2,15,No
E1149,47,Male,Operations,Sales Executive,Master's,6,48165,5,79.39,Yes,3,13,No
E1150,33,Male,Sales,Financial Analyst,Master's,16,139250,1,80.56,No,1,12,No
E1151,23,Female,HR,Operations Manager,High School,6,28748,2,85.18,Yes,3,10,No
E1152,59,Male,Sales,Sales Executive,PhD,20,123581,4,99.42,No,1,9,No
E1153,26,Female,Marketing,Software Engineer,Master's,0,51553,4,73.46,No,5,8,No
E1154,28,Female,HR,Financial Analyst,PhD,16,141547,1,88.84,Yes,4,12,No
E1155,47,Female,Finance,HR Executive,High School,16,85380,5,90.06,No,5,3,No
E1156,29,Male,Finance,Financial Analyst,Master's,10,69331,2,86.26,No,3,2,No
E1157,57,Male,Operations,Financial Analyst,High School,2,121033,1,68.1,No,3,1,No
E1158,53,Male,HR,Marketing Specialist,PhD,14,121844,5,88.69,No,1,8,No
E1159,44,Female,IT,Financial Analyst,PhD,20,145617,2,67.24,No,3,11,No
E1160,35,Male,HR,Financial Analyst,High School,10,64560,4,85.86,No,2,1,No
E1161,52,Female,Marketing,Sales Executive,Bachelor's,15,78865,2,90.89,No,3,5,No
E1162,52,Male,IT,HR Executive,Master's,8,71686,3,72.38,No,1,4,No
E1163,44,Female,Finance,Sales Executive,PhD,0,100910,2,94.46,Yes,1,13,No
E1164,32,Male,HR,Sales Executive,PhD,15,29675,3,66.06,Yes,2,4,No
E1165,59,Male,Sales,Software Engineer,Master's,8,91706,2,94.53,No,1,3,Yes
E1166,22,Male,Operations,Sales Executive,High School,18,131985,3,81.11,Yes,4,15,Yes
E1167,23,Female,Sales,Marketing Specialist,High School,11,134021,4,72.62,Yes,5,5,No
E1168,57,Female,Operations,Marketing Specialist,High School,18,149062,5,69.68,No,3,4,No
E1169,37,Male,Marketing,Software Engineer,Bachelor's,8,102986,3,98.37,Yes,4,10,No
E1170,22,Male,Sales,Operations Manager,Bachelor's,6,101216,3,67.54,No,3,3,No
E1171,22,Female,HR,HR Executive,PhD,13,35068,4,71.97,No,4,12,No
E1172,48,Female,HR,HR Executive,High School,18,79460,3,77.17,No,3,8,No
E1173,43,Female,Sales,Sales Executive,Master's,18,125766,1,86.71,No,2,12,No
E1174,57,Male,HR,Sales Executive,PhD,1,71418,4,84.07,Yes,1,5,No
E1175,52,Female,Marketing,Operations Manager,Master's,8,51206,1,69.4,No,1,10,No
E1176,53,Male,IT,Sales Executive,PhD,12,25287,4,75.14,No,2,9,No
E1177,21,Female,Marketing,HR Executive,Bachelor's,14,47337,3,73.36,No,4,15,No
E1178,39,Male,Operations,Financial Analyst,PhD,2,45666,1,72.47,No,5,9,No
E1179,22,Female,Marketing,Marketing Specialist,Bachelor's,10,141595,3,79.39,No,4,12,No
E1180,46,Female,Operations,Financial Analyst,PhD,20,26161,4,89.64,No,1,9,Yes
E1181,52,Female,HR,Financial Analyst,High School,13,139817,3,72.61,Yes,5,12,No
E1182,26,Female,IT,HR Executive,Master's,7,146025,1,77.83,No,3,2,No
E1183,52,Female,HR,Financial Analyst,High School,17,125667,1,78.68,No,5,9,No
E1184,24,Male,Finance,Operations Manager,PhD,18,115071,3,99.18,Yes,4,5,No
E1185,31,Female,HR,Software Engineer,PhD,15,123064,2,98.41,No,2,13,No
E1186,37,Female,Operations,Sales Executive,PhD,1,63751,4,93.0,Yes,3,0,No
E1187,58,Female,HR,Software Engineer,Bachelor's,7,107063,4,73.46,No,4,4,Yes
E1188,44,Male,HR,Marketing Specialist,Master's,5,131511,3,67.38,No,3,9,No
E1189,25,Female,IT,Sales Executive,Master's,11,114389,2,76.09,Yes,5,5,No
E1190,54,Male,HR,Financial Analyst,PhD,14,39758,1,74.34,No,1,14,Yes
E1191,26,Female,IT,Marketing Specialist,PhD,7,90780,5,82.71,Yes,4,10,No
E1192,42,Female,Sales,Sales Executive,Bachelor's,3,140614,5,92.22,No,2,7,No
E1193,31,Male,Finance,Operations Manager,High School,14,28178,3,95.04,Yes,5,10,No
E1194,36,Female,IT,Operations Manager,High School,19,56831,2,94.57,No,4,14,Yes
E1195,53,Male,Operations,Operations Manager,Master's,16,27176,2,77.59,No,2,14,No
E1196,29,Male,Sales,Operations Manager,Bachelor's,12,128306,4,89.05,No,4,8,No
E1197,26,Female,IT,Financial Analyst,PhD,17,58654,1,75.95,No,5,10,No
E1198,36,Male,IT,Software Engineer,Master's,1,148220,2,67.13,No,4,2,No
E1199,49,Female,Finance,Sales Executive,Bachelor's,12,51627,5,89.55,No,3,1,No
E1200,23,Female,Operations,Financial Analyst,High School,12,77550,1,65.34,No,5,12,No
E1201,40,Male,Marketing,Operations Manager,Bachelor's,14,137025,1,79.32,No,4,3,No
E1202,56,Male,Marketing,Software Engineer,High School,19,69910,3,76.53,No,1,7,No
E1203,39,Male,IT,Marketing Specialist,Bachelor's,9,115417,2,89.27,Yes,4,10,No
E1204,46,Male,HR,Marketing Specialist,Master's,2,83251,3,91.82,No,3,15,No
E1205,23,Female,Operations,Marketing Specialist,High School,18,60422,2,75.64,Yes,2,15,No
E1206,39,Female,Sales,Operations Manager,Master's,2,36984,4,93.41,No,2,7,No
E1207,40,Male,HR,Marketing Specialist,Master's,13,114312,3,75.29,No,2,2,No
E1208,52,Female,HR,HR Executive,High School,7,86386,3,80.62,No,1,3,No
E1209,27,Female,Operations,Sales Executive,High School,3,108291,5,90.45,Yes,3,2,No
E1210,53,Female,IT,Sales Executive,PhD,19,32135,3,89.25,Yes,5,9,Yes
E1211,59,Female,IT,Operations Manager,PhD,10,25320,2,99.56,No,2,1,No
E1212,38,Male,IT,HR Executive,PhD,10,127958,5,72.88,No,3,3,No
E1213,21,Male,IT,Financial Analyst,Master's,10,119171,3,88.18,No,4,5,No
E1214,31,Female,Marketing,Financial Analyst,Master's,1,46684,3,86.34,No,1,10,No
E1215,48,Male,IT,Marketing Specialist,PhD,16,80913,4,97.03,No,3,13,Yes
E1216,45,Male,Marketing,Software Engineer,Master's,8,113774,3,70.47,No,3,15,Yes
E1217,43,Male,Marketing,Financial Analyst,Master's,1,46889,1,91.31,Yes,5,10,No
E1218,51,Female,IT,Software Engineer,High School,14,120849,5,84.89,No,3,4,No
E1219,50,Female,Finance,Sales Executive,High School,15,123071,1,74.61,Yes,5,2,No
E1220,55,Female,Sales,Software Engineer,Master's,3,73899,5,81.61,No,1,1,No
E1221,27,Male,HR,Sales Executive,PhD,7,149011,4,76.68,Yes,1,8,No
E1222,36,Female,Marketing,HR Executive,Bachelor's,8,35770,3,85.28,No,4,14,Yes
E1223,46,Female,Operations,HR Executive,PhD,4,64321,3,96.12,Yes,5,0,No
E1224,22,Male,Operations,Operations Manager,Bachelor's,15,110962,3,84.93,Yes,5,8,No
E1225,21,Female,Sales,Operations Manager,PhD,12,134863,5,87.11,No,2,0,No
E1226,32,Female,Operations,Marketing Specialist,High School,6,66777,3,83.16,Yes,2,14,Yes
E1227,25,Male,Finance,Financial Analyst,Master's,19,71250,1,66.79,Yes,4,13,No
E1228,57,Male,Operations,Marketing Specialist,Master's,16,98034,3,73.15,No,1,6,No
E1229,52,Male,HR,Sales Executive,High School,2,129940,4,82.22,Yes,2,5,No
E1230,29,Female,HR,Marketing Specialist,Bachelor's,4,65130,1,75.86,Yes,3,6,No
E1231,55,Female,Marketing,Software Engineer,Bachelor's,18,106931,3,71.36,No,1,14,No
E1232,39,Female,IT,Sales Executive,Bachelor's,11,74346,3,82.64,No,3,2,Yes
E1233,36,Male,Finance,Operations Manager,High School,6,27537,2,76.3,No,5,13,No
E1234,23,Male,Marketing,HR Executive,Bachelor's,8,109762,5,74.03,No,1,2,No
E1235,40,Female,Finance,Operations Manager,High School,5,40216,1,81.24,No,4,12,Yes
E1236,44,Female,IT,Financial Analyst,PhD,16,109149,2,69.66,Yes,5,10,Yes
E1237,53,Male,Operations,Sales Executive,PhD,15,28009,4,97.47,No,5,0,No
E1238,44,Male,Operations,Sales Executive,High School,2,114904,5,95.37,No,3,3,Yes
E1239,31,Male,IT,Software Engineer,Master's,20,54327,1,89.77,No,5,11,No
E1240,28,Male,Marketing,Financial Analyst,PhD,3,39209,3,68.72,No,2,1,No
E1241,56,Female,IT,HR Executive,Bachelor's,9,73443,1,92.16,Yes,1,9,No
E1242,58,Male,Sales,Sales Executive,High School,4,40029,3,93.28,No,2,7,No
E1243,40,Female,HR,Sales Executive,Bachelor's,20,92613,5,91.87,No,3,2,No
E1244,55,Female,Marketing,Software Engineer,Bachelor's,9,104443,3,68.99,No,3,6,No
E1245,45,Female,Finance,Marketing Specialist,Master's,11,81997,4,87.54,Yes,1,6,Yes
E1246,55,Male,Sales,HR Executive,Bachelor's,9,127171,3,94.2,Yes,5,11,No
E1247,45,Male,Marketing,Operations Manager,Master's,12,139456,4,85.21,Yes,4,8,No
E1248,49,Male,IT,Financial Analyst,PhD,10,87559,5,87.62,No,3,5,Yes
E1249,38,Male,IT,Sales Executive,High School,15,89892,5,81.04,Yes,1,0,No
E1250,38,Female,IT,Sales Executive,Bachelor's,7,95409,1,83.5,Yes,4,7,No
E1251,22,Male,IT,Operations Manager,High School,7,33635,4,66.2,No,5,0,No
E1252,55,Male,Finance,HR Executive,Bachelor's,7,58065,4,87.36,Yes,3,2,Yes
E1253,36,Female,Sales,Marketing Specialist,High School,12,136399,2,67.85,No,1,10,No
E1254,56,Male,Operations,Sales Executive,Bachelor's,1,145544,2,80.23,No,1,4,No
E1255,53,Female,HR,HR Executive,Bachelor's,11,132340,2,75.24,No,1,7,No
E1256,24,Female,Finance,Operations Manager,Bachelor's,9,58783,3,84.09,No,3,8,No
E1257,53,Female,Finance,Software Engineer,Bachelor's,11,59152,2,69.67,No,4,14,No
E1258,34,Female,Operations,Marketing Specialist,Bachelor's,10,83741,4,89.21,No,1,6,Yes
E1259,41,Female,Operations,Financial Analyst,Bachelor's,14,132049,3,92.83,Yes,5,15,No
E1260,40,Female,HR,Sales Executive,Bachelor's,15,76502,5,70.72,Yes,1,8,No
E1261,28,Female,HR,HR Executive,Bachelor's,16,54092,1,68.65,Yes,4,10,Yes
E1262,27,Female,Operations,Software Engineer,Bachelor's,1,42653,2,70.09,No,3,2,Yes
E1263,23,Male,IT,Financial Analyst,High School,17,122999,5,95.7,No,1,12,No
E1264,37,Male,Finance,HR Executive,Master's,11,124564,4,83.49,No,1,4,No
E1265,53,Male,Marketing,HR Executive,Bachelor's,18,65469,1,81.35,No,5,9,Yes
E1266,32,Male,HR,Financial Analyst,Master's,17,148064,5,68.73,Yes,5,7,No
E1267,42,Female,HR,Software Engineer,Bachelor's,16,111483,1,87.73,No,1,11,No
E1268,42,Male,Operations,Operations Manager,Bachelor's,5,146585,2,95.38,No,1,0,No
E1269,50,Female,Sales,Software Engineer,High School,14,84754,4,93.99,Yes,5,7,No
E1270,58,Male,Marketing,Marketing Specialist,PhD,2,54978,1,86.91,No,4,6,No
E1271,58,Male,Marketing,Sales Executive,PhD,5,112592,5,67.63,Yes,2,0,No
E1272,28,Male,HR,Financial Analyst,High School,2,119543,2,68.93,No,2,12,No
E1273,47,Female,IT,Operations Manager,Master's,0,68169,2,66.73,No,1,12,No
E1274,47,Male,Sales,Financial Analyst,PhD,12,73287,5,74.01,Yes,5,9,Yes
E1275,54,Female,Marketing,Financial Analyst,High School,20,79745,5,69.75,No,3,11,No
E1276,41,Female,HR,Software Engineer,High School,13,135168,1,74.1,No,3,9,No
E1277,50,Male,Marketing,Sales Executive,PhD,12,138985,3,78.48,No,2,14,No
E1278,53,Male,Sales,Marketing Specialist,Master's,3,145843,2,98.0,No,4,11,No
E1279,48,Male,Sales,HR Executive,High School,6,30543,1,86.36,Yes,2,5,No
E1280,53,Female,Finance,HR Executive,Bachelor's,9,81392,5,94.22,No,1,0,Yes
E1281,25,Male,Operations,Financial Analyst,Master's,6,46067,1,89.86,No,4,1,No
E1282,39,Female,Operations,Sales Executive,Master's,20,76033,5,68.94,No,3,4,Yes
E1283,24,Female,HR,Operations Manager,PhD,14,70256,4,90.76,Yes,5,1,No
E1284,55,Male,Sales,Software Engineer,PhD,14,115633,5,74.63,No,5,13,No
E1285,37,Male,Finance,Sales Executive,Bachelor's,3,133383,5,87.37,No,1,9,No
E1286,48,Female,Finance,Sales Executive,High School,5,134048,5,76.93,Yes,2,0,No
E1287,50,Female,Marketing,Software Engineer,PhD,19,94345,3,99.92,No,1,5,No
E1288,49,Female,Marketing,Financial Analyst,PhD,4,47191,5,74.22,Yes,5,15,No
E1289,26,Male,Finance,Sales Executive,Master's,19,111803,2,74.77,No,3,7,No
E1290,55,Female,Marketing,HR Executive,PhD,11,97742,2,97.57,Yes,5,7,No
E1291,57,Male,Sales,Software Engineer,PhD,0,143843,1,65.86,No,4,12,No
E1292,44,Female,IT,Operations Manager,PhD,7,111593,3,89.38,No,5,12,Yes
E1293,49,Female,Sales,Marketing Specialist,PhD,0,53992,1,90.39,No,5,15,Yes
E1294,51,Male,Finance,Financial Analyst,Master's,4,137050,2,94.27,No,4,7,Yes
E1295,55,Female,Finance,Software Engineer,Bachelor's,5,106531,2,99.11,No,2,15,No
E1296,53,Male,Sales,Marketing Specialist,Bachelor's,20,73803,4,99.15,No,5,10,No
E1297,41,Male,Marketing,Marketing Specialist,High School,2,134975,5,67.28,Yes,1,15,No
E1298,52,Female,Marketing,Operations Manager,PhD,14,88477,2,93.76,Yes,5,5,No
E1299,43,Male,Operations,Sales Executive,Master's,4,38210,1,87.62,No,1,10,Yes
E1300,53,Male,Finance,Operations Manager,High School,13,108329,1,87.66,Yes,4,2,No
E1301,23,Female,HR,Sales Executive,High School,17,51270,5,69.49,No,5,0,No
E1302,38,Male,Operations,Sales Executive,Bachelor's,15,87008,5,87.76,No,4,1,Yes
E1303,45,Male,Marketing,Software Engineer,Master's,5,30197,4,99.39,Yes,4,4,No
E1304,51,Male,Sales,Software Engineer,Master's,13,138857,3,96.91,No,2,12,No
E1305,23,Female,Marketing,Financial Analyst,Master's,7,32452,1,80.37,No,5,9,No
E1306,44,Male,Sales,Sales Executive,Bachelor's,6,66486,5,66.4,No,1,4,No
E1307,52,Female,Operations,Marketing Specialist,Bachelor's,7,39859,1,77.68,No,1,9,No
E1308,42,Female,Finance,HR Executive,Bachelor's,12,52236,5,93.92,No,5,13,Yes
E1309,43,Male,Marketing,Financial Analyst,Bachelor's,5,56899,2,89.55,Yes,2,0,No
E1310,22,Male,Sales,Software Engineer,Bachelor's,17,57083,1,81.08,No,2,15,No
E1311,47,Male,Finance,Operations Manager,PhD,1,92708,2,66.93,No,2,0,No
E1312,22,Female,HR,Financial Analyst,PhD,7,136462,1,79.94,No,1,14,No
E1313,46,Male,Sales,Financial Analyst,Master's,10,41663,3,81.42,Yes,4,8,No
E1314,37,Male,Operations,Financial Analyst,High School,0,118076,4,97.5,Yes,2,1,No
E1315,53,Male,HR,Financial Analyst,Master's,5,143665,2,87.44,No,1,6,No
E1316,29,Male,HR,HR Executive,High School,15,44053,5,75.91,No,1,9,No
E1317,59,Male,IT,Operations Manager,Bachelor's,19,36085,3,83.39,No,4,15,No
E1318,49,Female,Marketing,Operations Manager,High School,11,55564,1,67.31,No,5,3,No
E1319,46,Female,Sales,Operations Manager,Master's,10,114745,2,99.04,No,5,6,No
E1320,55,Male,HR,Sales Executive,Master's,9,84095,1,77.6,No,2,7,No
E1321,45,Male,IT,Marketing Specialist,High School,2,94517,1,81.73,Yes,2,15,No
E1322,44,Male,Operations,Operations Manager,PhD,12,46153,1,77.43,Yes,4,4,Yes
E1323,33,Male,Finance,Financial Analyst,Bachelor's,2,30247,4,88.89,Yes,2,12,No
E1324,27,Female,Sales,Financial Analyst,Bachelor's,14,35553,4,88.18,No,4,11,No
E1325,56,Male,HR,Operations Manager,Master's,15,45811,5,90.04,No,1,11,Yes
E1326,40,Female,Marketing,Operations Manager,PhD,12,120381,2,74.39,No,2,0,No
E1327,21,Female,IT,Financial Analyst,High School,16,31135,3,76.05,No,1,15,No
E1328,28,Male,HR,Sales Executive,Bachelor's,2,30573,3,69.38,No,3,3,Yes
E1329,36,Female,Marketing,Software Engineer,PhD,19,143819,3,87.94,No,4,9,No
E1330,34,Female,HR,Software Engineer,Bachelor's,10,149588,1,66.39,No,3,15,No
E1331,32,Female,Sales,Operations Manager,PhD,20,104267,4,85.92,Yes,2,2,No
E1332,43,Female,Sales,HR Executive,PhD,18,32189,2,95.44,Yes,1,9,No
E1333,35,Male,Sales,Operations Manager,Master's,10,105077,1,96.18,No,2,14,No
E1334,48,Male,Operations,Operations Manager,Bachelor's,15,68646,4,80.72,No,3,11,No
E1335,54,Female,Operations,Software Engineer,High School,20,101623,4,81.08,No,2,4,Yes
E1336,22,Male,IT,Financial Analyst,Master's,2,136971,2,67.69,No,5,9,Yes
E1337,52,Male,Sales,Operations Manager,Master's,5,78687,2,88.48,No,3,12,No
E1338,43,Male,Marketing,Financial Analyst,High School,13,93312,2,93.74,Yes,2,9,No
E1339,42,Male,HR,Financial Analyst,Master's,17,132615,1,73.56,Yes,1,12,No
E1340,45,Male,Finance,HR Executive,PhD,16,52564,5,79.75,Yes,2,5,No
E1341,42,Female,Marketing,Financial Analyst,PhD,3,53835,2,94.36,No,1,1,Yes
E1342,42,Male,Operations,Software Engineer,Bachelor's,14,86587,5,95.7,Yes,5,6,No
E1343,26,Male,Operations,Sales Executive,Bachelor's,10,32697,1,73.51,No,2,12,No
E1344,35,Male,Marketing,Sales Executive,High School,2,105165,5,84.27,No,5,2,No
E1345,57,Male,Operations,Marketing Specialist,Bachelor's,2,98922,3,71.74,No,3,14,No
E1346,53,Female,Sales,Operations Manager,PhD,15,42046,5,68.57,Yes,1,0,Yes
E1347,28,Female,IT,Software Engineer,High School,4,82823,2,96.89,No,3,9,No
E1348,25,Female,HR,Financial Analyst,High School,20,98580,1,93.72,No,1,2,No
E1349,59,Female,IT,Sales Executive,Bachelor's,9,78370,2,91.6,No,5,8,No
E1350,24,Male,HR,Software Engineer,PhD,18,34615,3,66.71,No,4,9,Yes
E1351,26,Female,HR,Sales Executive,High School,3,138338,2,94.53,Yes,2,10,No
E1352,52,Male,IT,Financial Analyst,PhD,18,30060,2,80.33,No,5,10,Yes
E1353,50,Male,Marketing,Sales Executive,PhD,10,101436,2,76.98,No,1,14,No
E1354,55,Male,HR,Operations Manager,PhD,1,85519,4,84.13,No,1,5,No
E1355,36,Male,IT,Operations Manager,Bachelor's,9,145562,3,68.2,No,1,10,No
E1356,33,Male,HR,Marketing Specialist,Master's,10,96117,2,91.48,No,1,5,No
E1357,50,Female,Finance,Marketing Specialist,Master's,19,86158,2,85.39,Yes,2,3,Yes
E1358,39,Female,Marketing,Sales Executive,High School,15,59782,2,71.53,No,3,14,Yes
E1359,37,Female,Sales,Software Engineer,PhD,18,110709,1,71.59,No,4,7,No
E1360,39,Female,HR,Operations Manager,Bachelor's,10,103533,4,71.45,No,2,4,No
E1361,48,Male,Finance,Software Engineer,PhD,13,133939,1,67.0,No,1,6,Yes
E1362,46,Female,Sales,Software Engineer,PhD,1,83255,4,85.57,No,2,8,No
E1363,57,Male,Sales,Sales Executive,Bachelor's,4,136952,2,94.41,No,5,12,Yes
E1364,46,Female,HR,Software Engineer,Master's,4,97684,3,65.61,Yes,1,12,No
E1365,43,Male,IT,Operations Manager,PhD,18,81918,5,66.72,No,4,15,Yes
E1366,29,Male,HR,Financial Analyst,PhD,20,109284,5,85.05,No,1,13,No
E1367,32,Female,Finance,Marketing Specialist,Master's,11,104558,2,93.68,No,4,15,No
E1368,21,Male,Sales,Financial Analyst,Bachelor's,17,110549,1,76.44,No,4,15,No
E1369,21,Male,HR,Software Engineer,High School,3,129223,3,77.24,No,3,4,Yes
E1370,54,Female,IT,Financial Analyst,Master's,16,106422,4,85.87,Yes,3,10,No
E1371,52,Male,HR,Operations Manager,High School,9,145363,2,74.6,No,2,13,No
E1372,45,Female,Marketing,Operations Manager,High School,19,50256,3,65.93,No,2,4,No
E1373,21,Female,IT,Software Engineer,Master's,5,55005,3,90.73,No,4,13,No
E1374,36,Female,Finance,Sales Executive,PhD,13,31638,4,86.9,No,1,3,No
E1375,59,Male,Sales,Financial Analyst,High School,10,62419,3,85.33,No,5,5,Yes
E1376,25,Male,HR,Sales Executive,High School,10,58377,1,90.96,Yes,5,1,No
E1377,42,Male,IT,Sales Executive,Bachelor's,17,131244,1,88.63,No,1,2,No
E1378,49,Female,Marketing,HR Executive,PhD,17,68116,1,72.21,No,1,0,No
E1379,23,Male,IT,Software Engineer,High School,10,61634,3,77.34,Yes,3,1,Yes
E1380,32,Female,Operations,Marketing Specialist,Bachelor's,20,107291,1,69.41,Yes,5,1,No
E1381,46,Female,Marketing,Operations Manager,PhD,11,48382,4,69.54,No,4,7,No
E1382,36,Male,Finance,Operations Manager,Master's,4,140303,3,88.67,Yes,2,7,Yes
E1383,57,Female,Sales,Software Engineer,Master's,8,81063,5,95.05,No,3,1,No
E1384,42,Male,Finance,Marketing Specialist,Bachelor's,8,47394,3,98.7,Yes,5,12,Yes
E1385,49,Male,HR,Operations Manager,Master's,9,92789,4,86.99,Yes,1,13,No
E1386,34,Male,IT,Software Engineer,High School,18,128246,5,71.44,No,5,5,Yes
E1387,48,Male,Operations,Operations Manager,PhD,0,135634,3,68.7,No,4,14,No
E1388,25,Male,Marketing,Sales Executive,High School,6,25864,1,93.45,No,3,4,No
E1389,50,Female,Marketing,Financial Analyst,High School,3,124572,2,85.26,No,1,2,No
E1390,25,Female,IT,Financial Analyst,Master's,0,65222,2,86.64,No,4,4,No
E1391,32,Female,Operations,Operations Manager,High School,14,38666,1,92.35,No,2,4,Yes
E1392,36,Male,IT,HR Executive,Master's,7,148664,2,89.61,No,3,4,No
E1393,46,Male,HR,Marketing Specialist,PhD,11,45955,2,94.21,No,4,2,No
E1394,46,Male,Finance,Marketing Specialist,PhD,17,135674,1,66.97,Yes,4,14,No
E1395,41,Female,Marketing,Marketing Specialist,High School,14,128533,1,91.16,Yes,1,2,No
E1396,59,Male,HR,Sales Executive,Bachelor's,16,106845,3,94.78,No,2,3,No
E1397,56,Female,Finance,Marketing Specialist,Master's,13,141925,3,75.01,No,4,6,No
E1398,53,Female,HR,Financial Analyst,Master's,13,94590,1,87.42,Yes,3,11,No
E1399,50,Male,Operations,Sales Executive,High School,17,91471,4,76.0,Yes,4,11,No
E1400,57,Male,Marketing,Software Engineer,Master's,19,135476,2,98.53,Yes,5,11,No
E1401,43,Female,IT,Marketing Specialist,Master's,17,113314,3,66.17,No,3,13,Yes
E1402,30,Male,IT,Marketing Specialist,Bachelor's,15,147579,2,85.29,No,3,1,No
E1403,25,Female,Finance,Software Engineer,Bachelor's,0,68298,5,70.83,Yes,4,9,No
E1404,56,Male,Sales,Marketing Specialist,High School,10,88108,1,89.93,No,1,3,No
E1405,54,Male,Operations,Software Engineer,Bachelor's,14,138864,4,71.16,No,3,3,Yes
E1406,51,Female,Finance,Sales Executive,High School,11,73924,5,73.24,No,5,0,No
E1407,30,Male,Sales,Financial Analyst,PhD,7,41709,5,82.3,Yes,1,15,No
E1408,39,Female,HR,Software Engineer,High School,19,34726,5,97.02,No,1,9,No
E1409,52,Male,Operations,HR Executive,PhD,5,85824,1,72.41,No,1,15,No
E1410,21,Female,HR,Software Engineer,High School,2,65542,3,70.05,No,3,7,No
E1411,25,Female,Marketing,Marketing Specialist,Master's,12,45245,1,91.56,Yes,1,0,No
E1412,24,Male,Operations,Sales Executive,Bachelor's,12,59753,3,82.52,No,4,7,No
E1413,36,Female,Sales,Operations Manager,PhD,1,104788,5,96.91,No,1,6,No
E1414,44,Male,Marketing,Sales Executive,High School,4,46316,5,70.13,No,5,8,No
E1415,36,Male,IT,Operations Manager,Bachelor's,16,127907,4,87.61,Yes,2,7,No
E1416,22,Male,Sales,Software Engineer,High School,5,109698,3,73.15,No,5,15,No
E1417,48,Female,Finance,Financial Analyst,Bachelor's,1,40960,5,70.49,Yes,3,4,No
E1418,52,Female,IT,HR Executive,Bachelor's,3,55791,2,88.92,No,1,7,No
E1419,47,Male,IT,Sales Executive,High School,10,132766,4,85.78,No,1,13,No
E1420,40,Male,Finance,Marketing Specialist,PhD,7,50216,1,91.42,No,4,14,No
E1421,44,Female,Operations,Operations Manager,PhD,11,57467,4,75.83,No,1,10,No
E1422,32,Male,IT,Marketing Specialist,Master's,7,89427,2,80.68,No,5,9,No
E1423,55,Male,Sales,Financial Analyst,Bachelor's,10,137470,3,79.19,No,3,11,No
E1424,53,Female,Marketing,Operations Manager,Master's,19,87047,1,99.44,No,2,15,Yes
E1425,53,Male,IT,Sales Executive,Master's,7,98290,1,75.23,Yes,1,14,No
E1426,57,Female,Sales,Software Engineer,High School,7,72014,3,75.32,No,2,11,No
E1427,32,Male,HR,Marketing Specialist,High School,16,29078,4,77.41,No,1,2,No
E1428,23,Female,Sales,Financial Analyst,High School,19,103389,5,84.76,No,3,14,No
E1429,21,Male,Marketing,Sales Executive,Bachelor's,19,75519,4,73.83,No,5,9,No
E1430,53,Male,Sales,Sales Executive,High School,15,29042,2,97.04,No,3,6,No
E1431,30,Female,Finance,Sales Executive,High School,13,74052,5,74.3,No,2,11,No
E1432,49,Male,Marketing,Sales Executive,Bachelor's,10,39389,4,96.35,No,1,3,No
E1433,33,Female,Operations,Operations Manager,Bachelor's,6,120961,3,68.62,No,2,4,No
E1434,32,Male,HR,Sales Executive,PhD,15,93111,2,87.98,No,5,15,No
E1435,51,Female,Finance,Marketing Specialist,High School,12,130058,2,96.74,No,3,8,No
E1436,22,Female,Operations,Financial Analyst,High School,14,118715,2,70.91,Yes,2,6,No
E1437,55,Female,Sales,Operations Manager,High School,15,75733,5,98.89,Yes,2,3,No
E1438,43,Female,Marketing,Sales Executive,PhD,20,59754,1,80.85,No,5,5,No
E1439,37,Male,HR,HR Executive,High School,8,43624,5,98.1,No,1,9,No
E1440,46,Male,Finance,HR Executive,PhD,2,110886,4,88.69,No,2,13,No
E1441,28,Female,Operations,Financial Analyst,Master's,18,51681,1,75.56,No,5,10,No
E1442,49,Female,Operations,Software Engineer,PhD,19,114524,4,71.59,Yes,1,6,No
E1443,46,Female,HR,Software Engineer,Master's,4,106006,1,75.63,No,1,12,No
E1444,30,Male,Sales,Operations Manager,High School,9,49704,5,68.26,Yes,3,9,Yes
E1445,46,Male,HR,Operations Manager,Master's,16,129272,2,70.04,Yes,5,12,No
E1446,54,Male,Operations,Operations Manager,PhD,14,119913,3,68.66,No,1,8,No
E1447,27,Male,IT,Software Engineer,Bachelor's,7,119108,2,79.8,Yes,3,3,No
E1448,24,Female,Finance,HR Executive,Master's,14,148731,5,92.85,No,4,15,No
E1449,31,Female,HR,Software Engineer,Master's,20,32493,1,69.95,No,5,9,Yes
E1450,49,Female,Operations,Marketing Specialist,High School,13,94639,2,69.56,No,4,2,Yes
E1451,56,Male,Sales,Sales Executive,PhD,19,125380,5,87.52,Yes,1,7,No
E1452,45,Male,Operations,Operations Manager,Master's,6,79383,4,71.9,No,5,14,No
E1453,41,Male,Sales,HR Executive,Master's,20,27994,3,68.42,Yes,3,0,No
E1454,56,Female,HR,Financial Analyst,Master's,11,94280,2,70.84,No,1,8,No
E1455,30,Female,Sales,Financial Analyst,Master's,16,72234,1,97.33,No,5,12,No
E1456,57,Male,Marketing,Sales Executive,Bachelor's,16,72291,4,93.75,No,5,0,No
E1457,29,Female,Marketing,HR Executive,PhD,9,117868,5,77.39,Yes,4,1,Yes
E1458,44,Male,Marketing,Software Engineer,High School,18,30594,3,87.95,No,1,12,Yes
E1459,55,Male,IT,Software Engineer,High School,13,130835,1,83.8,No,3,7,No
E1460,55,Female,HR,Marketing Specialist,Bachelor's,10,32371,5,88.7,Yes,3,8,No
E1461,56,Male,Operations,Marketing Specialist,PhD,1,72315,5,88.89,No,1,6,No
E1462,38,Female,Operations,Software Engineer,Master's,17,108564,2,87.01,No,1,15,No
E1463,59,Male,IT,Financial Analyst,Bachelor's,6,126448,2,74.31,Yes,2,2,No
E1464,52,Female,Sales,Operations Manager,PhD,11,104526,1,66.37,Yes,4,6,Yes
E1465,44,Female,IT,Financial Analyst,Master's,1,137387,5,80.94,No,1,5,No
E1466,43,Female,Sales,Marketing Specialist,Bachelor's,19,41626,2,96.18,Yes,1,1,No
E1467,52,Male,Sales,Sales Executive,PhD,17,111005,3,84.93,Yes,2,2,No
E1468,57,Male,Finance,Software Engineer,High School,5,131258,3,94.13,No,2,10,No
E1469,32,Female,Operations,Marketing Specialist,High School,9,130573,5,99.71,No,5,12,No
E1470,33,Female,Marketing,Marketing Specialist,PhD,19,32130,2,70.73,No,3,11,No
E1471,43,Male,Sales,Operations Manager,High School,14,31828,1,89.21,No,4,12,Yes
E1472,45,Male,Finance,Software Engineer,PhD,4,82514,1,88.6,No,5,9,No
E1473,55,Male,Operations,Operations Manager,Master's,19,132148,1,99.3,Yes,1,9,Yes
E1474,50,Female,Marketing,Software Engineer,PhD,2,137524,3,99.5,No,2,12,No
E1475,37,Male,Sales,Operations Manager,Master's,4,129635,2,89.03,No,3,11,No
E1476,40,Male,Sales,Financial Analyst,Bachelor's,7,77664,2,73.53,Yes,5,14,No
E1477,45,Female,IT,Sales Executive,PhD,7,136701,3,92.95,No,3,4,No
E1478,42,Male,IT,Sales Executive,Bachelor's,7,42883,1,68.75,No,2,9,Yes
E1479,33,Male,Operations,Software Engineer,High School,11,68059,1,92.32,Yes,5,3,Yes
E1480,39,Male,Marketing,HR Executive,Master's,7,109078,5,96.86,Yes,5,1,No
E1481,56,Female,Sales,Marketing Specialist,PhD,10,67932,4,78.4,No,3,3,No
E1482,32,Female,Operations,Marketing Specialist,Bachelor's,13,86269,2,87.07,No,2,11,No
E1483,39,Female,Operations,Software Engineer,Master's,7,144850,2,80.05,No,1,7,Yes
E1484,32,Female,HR,Operations Manager,Master's,9,100986,2,80.32,No,5,4,No
E1485,29,Female,IT,HR Executive,High School,6,110959,4,75.86,Yes,1,4,No
E1486,27,Female,Marketing,Financial Analyst,High School,16,27035,5,91.67,Yes,2,12,No
E1487,48,Female,Sales,Operations Manager,Master's,3,134767,4,97.77,Yes,5,11,No
E1488,34,Male,Operations,Operations Manager,Master's,12,65745,1,97.93,Yes,5,11,No
E1489,51,Male,Sales,Software Engineer,PhD,3,42241,1,71.12,Yes,1,9,No
E1490,39,Female,HR,Software Engineer,Master's,4,77975,2,95.62,No,4,2,Yes
E1491,36,Male,Marketing,Marketing Specialist,PhD,3,48154,3,90.81,No,1,12,No
E1492,25,Male,Operations,Software Engineer,Master's,17,50625,2,73.85,No,1,7,No
E1493,55,Female,Sales,Software Engineer,High School,5,69950,3,67.35,Yes,4,5,No
E1494,32,Male,IT,Software Engineer,PhD,1,123602,4,74.38,No,2,1,No
E1495,45,Male,HR,Marketing Specialist,Bachelor's,10,81396,1,96.93,No,2,1,No
E1496,41,Male,Marketing,Financial Analyst,High School,13,124227,3,87.16,Yes,5,8,No
E1497,56,Male,HR,Financial Analyst,PhD,4,143920,4,90.24,No,3,12,No
E1498,43,Male,IT,Software Engineer,PhD,5,38331,1,74.0,No,3,6,No
E1499,36,Female,Marketing,Marketing Specialist,Bachelor's,9,88927,3,90.18,Yes,5,9,No
E1500,59,Female,HR,Financial Analyst,PhD,7,111226,2,65.98,No,3,8,No
E1501,59,Female,Finance,Operations Manager,Master's,13,109719,2,78.14,Yes,1,13,Yes
E1502,34,Male,IT,Financial Analyst,Bachelor's,2,88014,2,86.94,No,1,15,No
E1503,51,Female,IT,Financial Analyst,High School,11,64346,4,70.11,No,4,5,No
E1504,25,Male,IT,Marketing Specialist,High School,15,95411,2,93.81,No,4,14,No
E1505,55,Male,Finance,Operations Manager,Master's,16,79478,5,73.23,Yes,5,4,No
E1506,43,Male,Finance,Marketing Specialist,High School,0,37254,1,87.83,No,5,11,No
E1507,49,Male,Sales,Software Engineer,PhD,9,80734,4,79.18,No,5,0,No
E1508,31,Female,Operations,Sales Executive,PhD,9,53621,2,85.86,No,1,11,No
E1509,38,Female,HR,Financial Analyst,Master's,20,141490,1,68.76,No,3,5,No
E1510,32,Male,Sales,Sales Executive,High School,1,101441,3,65.59,No,5,5,No
E1511,29,Female,HR,Marketing Specialist,High School,8,71121,2,96.83,No,5,2,No
E1512,30,Male,Operations,Marketing Specialist,Master's,12,106418,1,74.44,No,1,2,No
E1513,37,Female,Finance,Marketing Specialist,Bachelor's,15,85197,5,93.69,No,1,15,No
E1514,58,Female,Operations,Sales Executive,High School,17,109577,3,99.98,No,1,14,Yes
E1515,27,Male,Finance,Marketing Specialist,Bachelor's,18,119634,5,72.4,No,3,2,No
E1516,33,Female,Operations,Software Engineer,High School,11,143034,1,74.28,No,5,2,No
E1517,29,Male,Sales,Marketing Specialist,High School,7,67431,5,88.2,No,2,6,No
E1518,47,Female,Marketing,HR Executive,High School,16,142637,1,98.79,No,2,9,No
E1519,22,Male,Sales,Sales Executive,High School,14,124245,1,97.05,No,5,10,No
E1520,25,Male,HR,HR Executive,PhD,9,125211,5,82.6,No,5,1,No
E1521,49,Female,Sales,Marketing Specialist,Bachelor's,14,29837,1,92.83,Yes,5,9,No
E1522,57,Female,IT,Software Engineer,Bachelor's,14,136984,2,69.75,No,5,12,Yes
E1523,58,Male,HR,Financial Analyst,High School,6,115025,1,99.21,No,3,9,No
E1524,39,Female,Operations,Operations Manager,High School,12,108163,4,98.75,Yes,2,1,No
E1525,28,Female,HR,Operations Manager,Bachelor's,16,96232,1,70.73,No,4,2,No
E1526,21,Male,Marketing,Marketing Specialist,PhD,8,73994,4,75.48,Yes,2,9,No
E1527,42,Male,Finance,Software Engineer,Master's,7,104079,1,68.51,Yes,2,11,Yes
E1528,37,Female,Operations,Sales Executive,Master's,19,37615,1,74.51,Yes,1,6,No
E1529,27,Male,HR,HR Executive,Bachelor's,20,26466,5,93.56,No,5,2,No
E1530,45,Male,Operations,HR Executive,High School,17,55771,2,78.24,No,5,6,No
E1531,24,Male,Operations,HR Executive,High School,12,143645,2,68.09,No,5,8,No
E1532,56,Female,Operations,Sales Executive,PhD,15,108886,3,76.98,No,1,10,No
E1533,26,Female,Finance,Operations Manager,Master's,8,90911,5,99.35,No,3,9,No
E1534,51,Male,Sales,Software Engineer,PhD,11,123566,5,87.04,No,3,11,No
E1535,39,Female,Operations,Sales Executive,Master's,11,45746,2,79.57,No,4,14,No
E1536,59,Male,IT,HR Executive,Bachelor's,5,113422,5,70.83,No,3,10,No
E1537,47,Female,Marketing,Marketing Specialist,Master's,18,134884,2,99.52,Yes,3,3,No
E1538,30,Male,Finance,Financial Analyst,PhD,6,85739,5,93.73,Yes,5,6,Yes
E1539,46,Male,HR,Sales Executive,PhD,2,133440,1,74.85,No,2,8,No
E1540,39,Female,Finance,Sales Executive,PhD,15,123187,2,67.45,No,3,13,Yes
E1541,59,Male,HR,Software Engineer,Bachelor's,17,98369,2,66.98,Yes,3,7,Yes
E1542,23,Female,Finance,Software Engineer,Master's,15,26893,4,69.21,Yes,1,7,No
E1543,33,Female,HR,Sales Executive,Master's,6,55573,5,85.33,No,4,8,No
E1544,48,Male,Operations,HR Executive,PhD,3,121907,5,97.51,No,1,13,Yes
E1545,40,Male,Sales,Financial Analyst,Master's,7,65874,2,82.39,No,5,4,No
E1546,48,Female,HR,Software Engineer,High School,12,102362,1,94.5,No,2,13,No
E1547,28,Male,HR,HR Executive,High School,12,124956,1,80.61,No,4,4,No
E1548,59,Male,IT,Marketing Specialist,High School,16,112460,1,89.8,No,1,2,No
E1549,21,Male,HR,Software Engineer,Master's,16,143580,5,90.62,No,3,4,No
E1550,23,Male,IT,HR Executive,Bachelor's,4,58367,4,71.09,Yes,3,15,No
E1551,33,Male,Marketing,HR Executive,Bachelor's,5,46199,2,77.64,No,4,7,Yes
E1552,48,Female,Operations,Financial Analyst,Bachelor's,18,141600,3,87.31,Yes,3,11,Yes
E1553,45,Female,IT,Financial Analyst,Bachelor's,12,116404,4,67.47,Yes,1,4,No
E1554,53,Male,Sales,Marketing Specialist,High School,13,99328,3,77.65,No,1,3,No
E1555,58,Male,Operations,HR Executive,High School,3,82724,4,83.72,No,3,7,No
E1556,26,Male,IT,Operations Manager,PhD,6,111133,1,99.87,No,3,6,No
E1557,52,Female,Operations,HR Executive,Master's,7,61405,5,81.61,Yes,5,14,No
E1558,41,Male,Operations,Financial Analyst,Master's,12,123232,3,93.56,No,2,13,No
E1559,36,Female,Operations,Operations Manager,Bachelor's,5,133659,4,80.12,No,4,13,No
E1560,41,Female,Marketing,Software Engineer,High School,5,40989,5,92.87,No,1,5,No
E1561,31,Female,Sales,Software Engineer,Bachelor's,20,53931,3,85.84,Yes,4,4,No
E1562,57,Male,Finance,Sales Executive,PhD,2,34290,2,96.03,No,5,13,No
E1563,56,Female,Finance,Financial Analyst,Master's,2,63367,4,79.38,No,1,4,Yes
E1564,55,Male,IT,Sales Executive,Master's,12,146136,2,86.15,Yes,5,12,No
E1565,39,Female,Operations,Operations Manager,Bachelor's,1,104878,1,87.05,No,5,9,No
E1566,40,Male,IT,Financial Analyst,PhD,15,115477,2,79.61,No,3,1,No
E1567,38,Female,Marketing,Marketing Specialist,Master's,5,104481,2,70.05,Yes,4,12,No
E1568,34,Male,Marketing,HR Executive,PhD,7,101298,4,68.27,Yes,4,14,No
E1569,35,Female,HR,Marketing Specialist,PhD,7,55133,1,65.58,Yes,3,3,No
E1570,51,Male,Marketing,Operations Manager,Bachelor's,5,137616,2,95.57,No,4,7,No
E1571,21,Male,HR,Financial Analyst,High School,13,130686,5,73.28,Yes,3,7,No
E1572,23,Male,Sales,Operations Manager,Bachelor's,2,52052,3,72.4,No,1,10,No
E1573,36,Male,IT,HR Executive,High School,9,132286,2,90.76,No,5,0,No
E1574,43,Female,Sales,Software Engineer,PhD,2,110489,1,76.2,No,5,1,No
E1575,31,Female,Marketing,Software Engineer,High School,11,65475,2,82.71,Yes,4,4,No
E1576,32,Male,Sales,Operations Manager,PhD,16,107666,3,70.69,Yes,2,8,No
E1577,30,Female,Sales,Sales Executive,Master's,4,121622,1,98.59,No,5,9,No
E1578,52,Male,Sales,Financial Analyst,Master's,19,82656,4,94.81,No,3,10,No
E1579,36,Male,Marketing,Financial Analyst,Master's,8,29633,1,95.23,No,2,15,No
E1580,28,Female,Operations,Software Engineer,Bachelor's,20,42304,4,79.24,Yes,2,11,No
E1581,58,Male,Sales,Marketing Specialist,Bachelor's,19,132573,1,91.68,No,5,12,No
E1582,32,Male,HR,HR Executive,PhD,6,122820,3,70.04,No,5,10,No
E1583,44,Female,Marketing,Marketing Specialist,Master's,3,71546,3,65.3,Yes,5,15,No
E1584,48,Male,Sales,Marketing Specialist,Bachelor's,12,32008,1,65.7,No,3,6,No
E1585,28,Male,Operations,Operations Manager,Master's,12,73291,2,85.53,No,2,9,No
E1586,48,Male,Marketing,Software Engineer,Bachelor's,9,52405,3,80.94,Yes,4,4,No
E1587,56,Male,Finance,Software Engineer,High School,17,142069,4,83.13,No,3,0,No
E1588,46,Female,Operations,Software Engineer,High School,16,61386,4,65.26,No,1,14,No
E1589,28,Female,HR,Operations Manager,Master's,19,115909,5,79.79,Yes,5,15,No
E1590,48,Female,Sales,Sales Executive,PhD,19,45827,4,90.13,No,2,14,No
E1591,48,Male,Finance,Marketing Specialist,Bachelor's,12,58040,5,80.49,No,3,5,No
E1592,57,Male,Finance,Operations Manager,Bachelor's,16,85354,1,90.63,No,1,11,Yes
E1593,56,Female,Marketing,Financial Analyst,High School,3,103543,1,73.16,Yes,3,7,Yes
E1594,47,Male,Finance,HR Executive,High School,0,43157,1,93.46,No,3,6,No
E1595,37,Male,HR,Sales Executive,PhD,0,122693,2,85.6,No,4,1,No
E1596,29,Male,HR,Financial Analyst,PhD,14,60315,2,72.38,No,4,11,No
E1597,53,Male,IT,Marketing Specialist,PhD,12,60932,5,73.29,Yes,3,4,Yes
E1598,40,Female,HR,Software Engineer,Master's,16,46164,4,86.98,No,1,13,No
E1599,33,Female,Operations,Marketing Specialist,High School,7,39414,4,94.05,No,2,15,No
E1600,48,Female,Finance,Operations Manager,Master's,17,39327,1,79.55,No,2,10,No
E1601,49,Male,HR,HR Executive,High School,12,138880,3,74.04,No,5,3,No
E1602,33,Female,Marketing,Operations Manager,High School,13,25946,2,95.35,Yes,5,8,No
E1603,55,Female,IT,Sales Executive,Bachelor's,7,39693,2,88.42,Yes,2,9,No
E1604,26,Male,Finance,Sales Executive,High School,7,52241,1,80.68,No,3,15,No
E1605,38,Male,IT,HR Executive,High School,14,140194,2,82.08,Yes,3,0,No
E1606,25,Female,Finance,Financial Analyst,Master's,12,120790,1,72.15,No,4,11,No
E1607,45,Female,Marketing,Financial Analyst,High School,6,40540,5,86.94,Yes,4,15,No
E1608,22,Female,IT,Sales Executive,Master's,4,97255,4,77.56,No,5,5,No
E1609,30,Female,Sales,Sales Executive,PhD,16,89757,3,99.85,No,2,2,No
E1610,50,Male,Operations,Software Engineer,High School,15,66203,4,81.81,No,3,10,Yes
E1611,25,Female,Operations,Financial Analyst,High School,1,50081,4,82.01,No,2,8,No
E1612,53,Female,Finance,HR Executive,Master's,17,86861,5,84.8,Yes,1,4,No
E1613,21,Male,Sales,Financial Analyst,PhD,16,36350,2,97.09,No,2,12,No
E1614,38,Female,IT,Software Engineer,Bachelor's,6,80512,3,93.03,Yes,1,5,No
E1615,52,Male,Sales,Operations Manager,PhD,12,81809,2,80.79,No,4,10,No
E1616,31,Male,Sales,Sales Executive,Master's,17,126894,4,90.15,No,4,8,No
E1617,41,Male,IT,Sales Executive,PhD,13,122557,1,85.52,No,5,8,No
E1618,46,Female,Marketing,Software Engineer,Master's,17,67832,4,82.23,No,2,15,Yes
E1619,45,Female,Sales,HR Executive,Master's,12,53369,2,71.73,No,2,7,No
E1620,42,Male,Sales,Sales Executive,Bachelor's,10,56728,4,81.24,No,1,8,No
E1621,47,Female,Marketing,Marketing Specialist,High School,20,42576,1,73.6,No,4,15,Yes
E1622,33,Female,Sales,Sales Executive,Master's,20,54001,5,97.02,No,1,3,No
E1623,53,Male,Sales,Marketing Specialist,Master's,15,108384,2,76.74,Yes,4,15,No
E1624,54,Male,Sales,Software Engineer,Bachelor's,16,25390,4,98.33,No,1,5,No
E1625,55,Female,Operations,Software Engineer,Master's,7,112535,2,83.66,No,4,4,No
E1626,21,Male,HR,Sales Executive,High School,18,70436,5,87.1,Yes,1,4,No
E1627,41,Female,Marketing,Financial Analyst,Bachelor's,19,36569,4,84.0,Yes,4,3,No
E1628,26,Female,Sales,Marketing Specialist,High School,14,38029,4,69.53,Yes,1,1,Yes
E1629,48,Female,Operations,HR Executive,High School,8,47490,2,78.15,No,2,11,Yes
E1630,37,Female,Marketing,Sales Executive,Bachelor's,19,70875,2,68.47,Yes,5,5,No
E1631,25,Male,Finance,HR Executive,Master's,9,148552,1,86.8,Yes,1,8,Yes
E1632,51,Male,Finance,Sales Executive,High School,11,125864,5,80.64,Yes,5,11,No
E1633,25,Male,Sales,Financial Analyst,High School,20,30867,1,92.23,No,2,0,No
E1634,58,Male,Operations,Financial Analyst,High School,19,105820,4,72.72,No,2,13,No
E1635,23,Female,Operations,Financial Analyst,High School,0,124515,2,70.76,No,4,6,No
E1636,43,Female,Marketing,Operations Manager,Bachelor's,19,34121,4,79.22,No,5,5,No
E1637,57,Male,Marketing,Financial Analyst,Bachelor's,8,26539,4,97.43,No,3,2,No
E1638,57,Female,Operations,Software Engineer,PhD,14,116024,3,89.86,Yes,4,0,No
E1639,30,Female,Marketing,Software Engineer,PhD,0,42027,3,79.66,Yes,5,12,No
E1640,30,Female,Operations,Operations Manager,High School,11,99229,4,83.1,Yes,1,3,No
E1641,39,Male,HR,Marketing Specialist,Master's,2,33921,2,67.95,Yes,1,14,No
E1642,37,Male,Operations,HR Executive,High School,10,75435,4,99.46,No,2,13,No
E1643,41,Male,Finance,Sales Executive,Master's,1,147368,3,88.32,No,3,8,No
E1644,34,Female,Marketing,Sales Executive,High School,15,35310,2,74.99,No,1,14,No
E1645,29,Male,Operations,Operations Manager,PhD,8,88965,4,85.5,No,5,1,No
E1646,21,Male,Operations,Software Engineer,PhD,14,147033,5,68.83,No,5,2,No
E1647,33,Male,Marketing,Sales Executive,Master's,11,136048,5,98.8,Yes,1,1,Yes
E1648,24,Male,HR,Software Engineer,High School,0,121444,4,71.12,Yes,5,13,No
E1649,21,Male,HR,Marketing Specialist,Master's,12,94922,2,87.68,No,5,1,No
E1650,52,Male,Marketing,HR Executive,PhD,13,122799,4,73.59,No,2,9,No
E1651,54,Female,IT,Marketing Specialist,High School,7,118948,4,90.11,Yes,3,10,Yes
E1652,48,Female,Marketing,Operations Manager,High School,7,107839,3,92.19,No,2,10,No
E1653,51,Male,Marketing,Financial Analyst,Master's,11,37242,5,88.57,No,3,7,No
E1654,28,Male,HR,Financial Analyst,Bachelor's,0,142027,3,86.51,No,5,2,No
E1655,59,Female,HR,Financial Analyst,Master's,10,137561,3,96.24,No,3,6,Yes
E1656,46,Female,Marketing,Marketing Specialist,PhD,7,33947,4,67.75,No,5,7,No
E1657,54,Male,Marketing,Sales Executive,PhD,9,137250,3,76.58,Yes,5,2,No
E1658,23,Male,Marketing,HR Executive,PhD,18,96466,5,73.69,No,2,1,No
E1659,32,Male,HR,Financial Analyst,PhD,10,128706,3,99.58,Yes,2,12,No
E1660,21,Male,Marketing,Operations Manager,PhD,6,145351,5,78.63,No,4,12,No
E1661,25,Female,Marketing,Operations Manager,Bachelor's,10,149749,3,90.64,No,1,7,No
E1662,50,Male,Sales,Financial Analyst,High School,16,86816,5,88.97,No,4,2,Yes
E1663,50,Male,IT,Financial Analyst,Master's,0,73785,3,72.42,No,4,6,No
E1664,37,Male,Finance,HR Executive,Master's,20,144963,3,73.36,No,3,11,No
E1665,43,Male,IT,Financial Analyst,PhD,20,25507,2,74.84,No,5,0,No
E1666,35,Female,Sales,HR Executive,Master's,7,91972,5,79.39,No,5,13,No
E1667,57,Female,Finance,Operations Manager,PhD,5,52151,5,73.2,No,5,14,No
E1668,41,Female,Marketing,Financial Analyst,Bachelor's,17,36618,5,65.69,No,1,11,No
E1669,34,Male,Sales,Marketing Specialist,Bachelor's,5,99286,1,95.78,Yes,3,5,No
E1670,22,Male,Marketing,Marketing Specialist,High School,4,41122,3,98.8,No,3,11,No
E1671,31,Female,HR,Operations Manager,Bachelor's,12,32354,5,76.95,No,5,11,No
E1672,59,Male,Operations,HR Executive,Bachelor's,18,134598,1,76.85,Yes,4,15,No
E1673,58,Male,Sales,Marketing Specialist,High School,7,55979,2,65.25,Yes,1,12,No
E1674,54,Female,HR,HR Executive,Master's,8,111436,5,88.81,No,4,8,No
E1675,58,Female,Sales,Marketing Specialist,PhD,16,104376,5,93.89,Yes,2,11,No
E1676,54,Female,Sales,Marketing Specialist,PhD,2,77774,1,70.13,No,3,2,No
E1677,38,Female,HR,HR Executive,Master's,18,127703,3,70.59,No,3,13,No
E1678,50,Male,Finance,Sales Executive,High School,10,30037,2,92.65,No,4,6,No
E1679,35,Male,IT,Marketing Specialist,Master's,16,53633,5,86.57,Yes,1,12,Yes
E1680,47,Female,Marketing,Financial Analyst,Bachelor's,20,49495,3,66.57,No,3,5,Yes
E1681,54,Male,Sales,Operations Manager,High School,18,89550,2,86.79,No,4,7,No
E1682,58,Female,Marketing,Sales Executive,High School,1,106384,4,75.81,No,1,2,No
E1683,53,Female,Operations,HR Executive,High School,7,61483,4,77.91,No,4,2,Yes
E1684,44,Male,HR,Sales Executive,PhD,18,138181,2,91.94,No,1,3,No
E1685,35,Female,Marketing,Software Engineer,Master's,6,98373,1,93.38,No,5,2,Yes
E1686,50,Male,HR,Software Engineer,High School,16,59069,2,79.01,No,1,8,No
E1687,37,Male,Marketing,Marketing Specialist,High School,5,32370,2,98.15,No,2,15,No
E1688,25,Male,IT,Marketing Specialist,High School,18,144873,1,79.23,No,5,10,Yes
E1689,49,Male,IT,Financial Analyst,Master's,5,141843,1,92.01,No,4,3,No
E1690,24,Female,IT,Operations Manager,PhD,1,96947,3,81.94,Yes,5,5,Yes
E1691,30,Male,IT,Sales Executive,Bachelor's,5,64133,3,96.41,Yes,5,7,No
E1692,37,Female,IT,Software Engineer,PhD,4,121035,1,96.77,No,4,10,No
E1693,30,Female,IT,Marketing Specialist,High School,18,120761,4,68.06,No,4,12,Yes
E1694,37,Female,HR,Operations Manager,PhD,19,138753,4,97.78,No,2,7,No
E1695,40,Female,Sales,Sales Executive,PhD,3,25692,2,93.89,No,4,15,No
E1696,44,Male,Marketing,Marketing Specialist,Bachelor's,16,53926,5,92.7,Yes,3,14,No
E1697,25,Male,IT,Marketing Specialist,Master's,10,124782,2,72.03,No,3,4,No
E1698,54,Female,HR,Software Engineer,Master's,3,129700,2,93.18,Yes,2,4,No
E1699,26,Female,HR,Software Engineer,PhD,12,98984,5,94.75,No,1,5,No
E1700,22,Male,HR,Marketing Specialist,PhD,19,68390,1,75.12,No,1,9,No
E1701,33,Female,Sales,HR Executive,Master's,16,74593,4,98.33,No,3,6,No
E1702,31,Male,Marketing,Marketing Specialist,Master's,8,100609,2,66.75,No,4,12,No
E1703,43,Female,Sales,Operations Manager,Bachelor's,3,125950,5,70.25,No,2,12,No
E1704,36,Male,Finance,Marketing Specialist,High School,13,30209,3,83.82,No,1,9,No
E1705,51,Female,HR,Financial Analyst,PhD,18,31533,2,85.15,Yes,1,13,No
E1706,31,Female,Finance,Financial Analyst,Master's,2,111597,4,87.58,Yes,5,6,No
E1707,36,Male,Operations,Financial Analyst,PhD,13,32211,1,65.59,No,3,12,No
E1708,28,Female,IT,HR Executive,PhD,7,34927,2,98.61,No,4,3,No
E1709,24,Female,IT,HR Executive,Master's,0,102463,2,66.56,No,2,5,No
E1710,24,Male,Sales,Marketing Specialist,Bachelor's,9,142333,5,70.01,No,1,6,No
E1711,45,Female,Marketing,Financial Analyst,PhD,17,49594,3,65.49,No,5,4,No
E1712,23,Male,Finance,HR Executive,Bachelor's,15,99852,3,84.84,No,3,4,No
E1713,52,Male,Marketing,Software Engineer,Master's,7,102713,1,97.63,No,3,1,Yes
E1714,23,Female,Sales,Marketing Specialist,High School,0,101382,4,88.31,Yes,2,6,No
E1715,47,Female,IT,Operations Manager,High School,11,32933,1,93.79,Yes,1,11,No
E1716,49,Female,Marketing,Sales Executive,PhD,7,128780,2,65.46,No,2,5,No
E1717,52,Female,Marketing,Marketing Specialist,Master's,15,137157,2,83.97,Yes,2,10,No
E1718,39,Female,IT,Sales Executive,Bachelor's,17,65696,3,81.08,Yes,5,0,No
E1719,41,Female,Finance,Financial Analyst,PhD,3,90449,4,82.46,Yes,3,3,No
E1720,25,Female,IT,Sales Executive,Master's,5,92616,5,67.53,No,4,2,No
E1721,38,Male,Marketing,Financial Analyst,Master's,11,31089,4,88.96,No,3,11,No
E1722,48,Female,Finance,Software Engineer,Bachelor's,8,81548,2,82.61,No,3,14,No
E1723,42,Male,Finance,Sales Executive,PhD,14,51123,5,91.78,No,5,2,Yes
E1724,41,Female,IT,Marketing Specialist,Master's,15,32797,4,81.99,No,4,6,No
E1725,26,Female,Marketing,Financial Analyst,Master's,11,75013,4,70.23,No,1,10,No
E1726,21,Male,Sales,Marketing Specialist,Master's,13,33346,5,87.69,Yes,4,11,No
E1727,25,Female,Marketing,HR Executive,Bachelor's,12,110414,2,71.03,Yes,1,9,No
E1728,32,Female,HR,Financial Analyst,PhD,1,58672,4,95.53,No,4,3,No
E1729,46,Male,Operations,Sales Executive,PhD,2,42653,5,86.46,No,2,14,No
E1730,54,Female,Sales,Financial Analyst,PhD,9,74556,2,70.5,No,4,11,No
E1731,34,Female,Finance,Marketing Specialist,PhD,8,148723,5,98.68,No,5,7,No
E1732,46,Female,Sales,Software Engineer,High School,19,133278,5,83.14,No,1,15,No
E1733,47,Male,Finance,Financial Analyst,High School,7,51140,4,67.55,Yes,3,10,No
E1734,29,Female,Finance,Sales Executive,PhD,9,26184,2,86.94,Yes,5,15,No
E1735,46,Female,Sales,HR Executive,Bachelor's,18,148626,4,73.86,Yes,1,8,No
E1736,42,Female,Finance,Operations Manager,High School,2,59493,1,93.13,Yes,1,2,No
E1737,50,Female,Finance,Software Engineer,Master's,4,69148,1,93.62,No,3,15,No
E1738,37,Male,HR,HR Executive,High School,2,49846,2,99.26,Yes,2,4,No
E1739,46,Male,Marketing,Financial Analyst,Master's,15,136361,5,82.57,Yes,5,3,No
E1740,56,Female,Marketing,Marketing Specialist,PhD,16,47195,4,80.92,No,3,13,No
E1741,21,Female,Operations,Marketing Specialist,High School,14,30606,4,91.37,No,3,11,No
E1742,28,Male,Operations,Sales Executive,Bachelor's,2,28956,2,69.64,Yes,2,15,No
E1743,55,Male,HR,Marketing Specialist,High School,11,41555,2,84.14,Yes,5,9,No
E1744,35,Female,Operations,Software Engineer,High School,8,115385,1,84.12,No,3,14,No
E1745,42,Male,Sales,Marketing Specialist,High School,20,43690,3,68.13,No,2,5,No
E1746,34,Female,IT,Sales Executive,PhD,11,83502,2,79.63,No,5,10,Yes
E1747,46,Male,IT,Operations Manager,Bachelor's,14,149586,3,94.86,No,4,9,No
E1748,48,Male,IT,Financial Analyst,High School,1,73849,2,94.97,No,1,3,Yes
E1749,43,Male,HR,Financial Analyst,Bachelor's,17,51347,5,68.47,No,2,7,Yes
E1750,34,Male,HR,Marketing Specialist,PhD,19,123725,5,68.18,No,1,2,No
E1751,44,Female,Finance,HR Executive,Master's,11,128844,1,74.19,No,4,10,No
E1752,22,Male,IT,Financial Analyst,High School,3,116321,1,95.62,Yes,3,4,No
E1753,46,Male,Sales,Operations Manager,Bachelor's,15,74056,3,69.51,No,3,12,Yes
E1754,34,Female,Operations,Marketing Specialist,Bachelor's,15,88851,2,90.2,No,5,15,Yes
E1755,27,Male,Sales,Sales Executive,PhD,0,123234,4,68.54,Yes,2,15,No
E1756,23,Male,Operations,Operations Manager,High School,1,106502,1,86.81,No,2,0,No
E1757,43,Female,IT,Marketing Specialist,Master's,2,121633,4,77.46,Yes,5,12,No
E1758,38,Male,IT,Operations Manager,Bachelor's,20,106418,4,92.61,No,1,14,No
E1759,58,Female,IT,Financial Analyst,High School,19,95211,2,73.18,No,3,5,No
E1760,55,Female,HR,Sales Executive,Master's,16,66850,3,87.37,No,3,10,No
E1761,35,Female,Operations,Marketing Specialist,Bachelor's,19,103545,2,73.25,No,2,4,No
E1762,45,Female,HR,Software Engineer,Bachelor's,20,52843,1,89.98,Yes,2,7,No
E1763,57,Male,HR,Sales Executive,Master's,0,87320,4,95.58,No,5,8,No
E1764,48,Female,Marketing,Software Engineer,Master's,19,54793,2,69.44,No,4,7,No
E1765,30,Male,Sales,Operations Manager,PhD,5,64516,2,95.33,No,1,15,No
E1766,59,Male,Sales,HR Executive,High School,14,129407,2,85.78,No,4,7,No
E1767,37,Male,Finance,Sales Executive,High School,13,42857,1,69.45,No,4,11,No
E1768,59,Male,HR,Operations Manager,PhD,19,44627,3,79.96,No,2,13,No
E1769,42,Male,Operations,Software Engineer,Bachelor's,14,86822,2,70.63,Yes,2,12,No
E1770,46,Male,Marketing,Financial Analyst,Master's,13,109101,1,89.51,No,2,2,No
E1771,45,Male,Marketing,Financial Analyst,Master's,20,116561,4,91.56,No,4,3,No
E1772,37,Male,Sales,HR Executive,Master's,4,77248,5,68.7,No,1,15,No
E1773,33,Male,HR,Sales Executive,Bachelor's,5,80798,1,82.71,Yes,2,14,No
E1774,40,Male,Finance,Sales Executive,Master's,16,118368,5,93.51,Yes,3,10,Yes
E1775,45,Female,HR,Sales Executive,Master's,10,69116,2,97.77,No,1,3,No
E1776,24,Female,IT,Operations Manager,PhD,15,100318,2,82.97,No,3,14,No
E1777,30,Female,HR,HR Executive,Bachelor's,11,129186,1,98.26,No,1,14,Yes
E1778,23,Male,IT,Sales Executive,High School,14,112902,5,83.75,No,2,13,No
E1779,38,Female,IT,Operations Manager,PhD,3,53557,2,78.8,No,5,10,No
E1780,56,Female,Finance,Financial Analyst,PhD,17,96334,4,94.69,No,2,4,No
E1781,42,Female,Operations,Software Engineer,High School,20,100163,3,82.25,Yes,4,12,No
E1782,54,Male,Sales,Operations Manager,PhD,2,131719,3,81.52,No,4,8,No
E1783,28,Male,HR,Financial Analyst,Bachelor's,7,148099,2,82.16,Yes,1,11,Yes
E1784,39,Male,IT,Financial Analyst,Master's,2,103002,5,94.64,No,4,8,No
E1785,57,Male,HR,Software Engineer,Bachelor's,7,67614,2,94.12,No,2,9,No
E1786,26,Female,Operations,Financial Analyst,High School,17,37720,5,79.12,No,3,12,Yes
E1787,46,Female,Sales,HR Executive,High School,9,82608,4,76.67,No,2,11,No
E1788,54,Female,Operations,Software Engineer,PhD,19,132449,5,82.22,No,1,13,No
E1789,26,Female,Sales,Financial Analyst,Bachelor's,16,127828,2,85.05,No,4,0,No
E1790,57,Male,Marketing,Marketing Specialist,Bachelor's,7,97095,4,73.34,Yes,3,13,No
E1791,53,Male,Sales,Operations Manager,High School,10,130924,1,92.79,No,5,13,No
E1792,42,Male,Finance,Financial Analyst,Bachelor's,4,109694,3,82.03,Yes,3,7,No
E1793,41,Female,Operations,HR Executive,High School,12,121452,2,76.69,No,3,15,No
E1794,26,Male,IT,Sales Executive,Bachelor's,20,112593,2,68.74,Yes,2,13,No
E1795,26,Male,Marketing,Financial Analyst,Bachelor's,4,60892,2,73.36,Yes,5,0,No
E1796,24,Female,Finance,Sales Executive,Bachelor's,12,131975,4,98.22,No,1,15,No
E1797,50,Female,HR,Marketing Specialist,High School,5,102242,1,75.68,No,1,1,No
E1798,31,Male,Operations,Financial Analyst,PhD,4,141041,5,70.91,No,3,6,No
E1799,50,Male,IT,Software Engineer,Bachelor's,8,102606,1,81.12,Yes,3,14,No
E1800,51,Male,Sales,Sales Executive,High School,15,148769,4,75.75,No,4,7,No
E1801,44,Male,IT,Marketing Specialist,High School,1,143542,2,66.23,Yes,5,0,No
E1802,29,Male,HR,Software Engineer,Bachelor's,0,131438,3,76.31,No,3,14,No
E1803,23,Male,Marketing,Software Engineer,Bachelor's,7,25924,2,84.04,No,4,2,No
E1804,51,Female,Marketing,Software Engineer,PhD,18,76322,5,84.31,No,5,6,No
E1805,57,Female,Operations,Software Engineer,High School,10,51478,3,77.48,No,1,12,No
E1806,56,Female,Marketing,Financial Analyst,High School,11,96042,2,80.66,No,4,8,No
E1807,44,Male,Operations,Operations Manager,Master's,11,71418,3,98.79,No,5,7,Yes
E1808,51,Female,Operations,Financial Analyst,High School,6,87217,1,78.21,No,4,7,No
E1809,26,Male,Operations,Financial Analyst,PhD,12,125699,4,74.04,No,3,14,No
E1810,22,Male,Sales,Marketing Specialist,Master's,7,115140,2,73.52,No,2,8,Yes
E1811,40,Female,Finance,Marketing Specialist,Master's,8,105846,5,81.02,Yes,1,9,No
E1812,48,Male,Operations,Operations Manager,Master's,6,98762,1,91.58,No,3,2,No
E1813,31,Male,Operations,Marketing Specialist,Bachelor's,20,36781,2,72.21,No,3,7,Yes
E1814,24,Female,Finance,HR Executive,Bachelor's,14,30515,1,89.83,No,5,0,Yes
E1815,35,Female,IT,Operations Manager,High School,1,142358,5,65.74,Yes,4,15,No
E1816,26,Female,Operations,Marketing Specialist,Master's,19,61133,2,79.66,Yes,1,7,No
E1817,50,Male,Sales,Operations Manager,PhD,11,107508,5,92.16,No,3,12,No
E1818,58,Female,Marketing,Financial Analyst,Bachelor's,0,122628,3,76.86,No,5,6,No
E1819,22,Female,Marketing,Financial Analyst,PhD,7,101946,5,84.73,Yes,1,12,No
E1820,35,Male,HR,Operations Manager,PhD,4,110058,3,72.17,No,4,14,No
E1821,31,Female,HR,HR Executive,Bachelor's,14,34095,2,90.97,No,3,7,No
E1822,28,Female,Marketing,HR Executive,Bachelor's,0,113583,3,66.83,No,3,0,Yes
E1823,46,Female,Marketing,Operations Manager,Bachelor's,0,45470,2,94.84,Yes,3,5,No
E1824,25,Male,Sales,Marketing Specialist,Bachelor's,9,68129,2,71.94,Yes,1,6,No
E1825,26,Male,Finance,Sales Executive,Master's,9,33531,4,95.6,No,1,13,No
E1826,46,Male,HR,HR Executive,Master's,20,62038,2,77.34,Yes,1,10,No
E1827,24,Male,Finance,Software Engineer,Master's,14,112939,3,90.29,Yes,1,4,No
E1828,39,Female,Sales,Financial Analyst,Master's,16,67674,4,76.17,No,5,13,Yes
E1829,40,Male,Marketing,Operations Manager,High School,5,119658,4,96.71,No,2,4,Yes
E1830,53,Male,Operations,Software Engineer,Master's,2,107476,2,69.43,Yes,5,6,Yes
E1831,40,Female,Finance,Operations Manager,Bachelor's,12,54831,5,71.25,Yes,3,14,No
E1832,32,Female,Marketing,Financial Analyst,PhD,15,82174,5,82.26,Yes,5,10,No
E1833,21,Female,Marketing,Financial Analyst,Master's,7,36279,4,67.87,Yes,4,14,No
E1834,46,Male,IT,HR Executive,High School,14,63220,2,71.86,No,1,15,Yes
E1835,34,Male,Finance,HR Executive,Bachelor's,16,85610,5,98.03,No,4,2,No
E1836,58,Male,Operations,Software Engineer,PhD,16,77719,2,99.18,No,4,5,No
E1837,57,Female,Finance,Operations Manager,PhD,12,149936,2,78.17,No,3,6,No
E1838,31,Female,Marketing,Financial Analyst,Master's,16,78051,4,97.32,No,1,0,No
E1839,56,Male,Operations,Software Engineer,PhD,5,97013,4,84.07,Yes,4,11,Yes
E1840,33,Female,Sales,Sales Executive,Master's,16,81652,1,74.44,No,3,1,No
E1841,23,Female,IT,Software Engineer,Master's,15,90524,5,89.58,No,1,15,No
E1842,53,Female,Marketing,Marketing Specialist,Bachelor's,13,107936,5,88.06,No,2,11,Yes
E1843,26,Male,HR,Software Engineer,Bachelor's,12,31470,5,99.62,Yes,3,3,No
E1844,30,Female,HR,Marketing Specialist,High School,5,92598,3,74.28,No,5,12,No
E1845,25,Female,IT,Marketing Specialist,Bachelor's,2,66798,2,88.52,No,1,15,No
E1846,43,Male,Sales,Marketing Specialist,Bachelor's,13,149517,4,66.82,No,4,7,No
E1847,30,Male,Marketing,Sales Executive,Master's,13,78473,5,68.98,Yes,4,10,Yes
E1848,22,Female,Finance,Software Engineer,Bachelor's,14,44880,1,65.14,No,5,12,No
E1849,33,Female,IT,Software Engineer,Master's,7,125117,5,99.98,No,5,13,No
E1850,22,Male,Sales,Sales Executive,Master's,14,69439,2,93.08,No,4,9,No
E1851,40,Male,Finance,Financial Analyst,Bachelor's,12,145944,2,92.54,No,1,5,No
E1852,21,Female,HR,HR Executive,High School,16,39308,4,82.84,Yes,3,0,Yes
E1853,57,Female,HR,Software Engineer,High School,20,116563,3,75.5,Yes,5,9,No
E1854,29,Female,Finance,HR Executive,PhD,2,121256,4,70.29,No,5,4,Yes
E1855,37,Female,IT,Operations Manager,PhD,5,60081,5,74.96,No,5,6,Yes
E1856,29,Male,HR,Operations Manager,Bachelor's,4,100242,1,78.16,Yes,2,14,No
E1857,31,Female,Marketing,Sales Executive,High School,16,75383,4,91.47,No,1,12,Yes
E1858,35,Female,Operations,Operations Manager,Master's,1,34837,3,83.89,No,1,5,No
E1859,44,Male,Finance,Operations Manager,PhD,14,129135,4,67.71,Yes,1,12,Yes
E1860,58,Female,Finance,Financial Analyst,Master's,4,77151,2,65.63,No,1,12,No
E1861,55,Male,HR,Financial Analyst,PhD,19,143128,5,68.58,No,1,11,Yes
E1862,50,Female,IT,Financial Analyst,Bachelor's,5,61824,5,79.37,No,4,8,Yes
E1863,51,Female,Marketing,Operations Manager,High School,5,58073,5,97.66,No,5,7,No
E1864,25,Male,IT,Sales Executive,PhD,17,137651,5,87.31,No,4,14,No
E1865,34,Male,Sales,Marketing Specialist,High School,17,122624,5,93.06,Yes,2,3,No
E1866,31,Female,Sales,Marketing Specialist,Master's,3,118648,5,81.32,No,3,12,No
E1867,29,Female,Operations,HR Executive,Bachelor's,16,51299,1,77.66,Yes,5,10,Yes
E1868,54,Female,HR,Marketing Specialist,High School,13,124993,3,68.79,No,2,11,No
E1869,32,Male,HR,Marketing Specialist,Bachelor's,13,83861,5,95.66,Yes,4,4,Yes
E1870,55,Female,HR,Financial Analyst,High School,12,55063,3,92.41,No,3,6,No
E1871,55,Male,Operations,Financial Analyst,Master's,6,94453,5,70.88,No,2,7,No
E1872,21,Male,Sales,Operations Manager,Master's,11,146768,4,82.93,No,3,4,No
E1873,42,Female,IT,HR Executive,Bachelor's,14,148299,5,82.06,Yes,2,8,No
E1874,49,Male,Operations,Software Engineer,Master's,18,93472,2,86.88,No,4,13,Yes
E1875,28,Female,Operations,HR Executive,PhD,10,127166,1,98.12,No,3,9,No
E1876,31,Female,IT,HR Executive,High School,14,39506,4,85.29,No,2,11,No
E1877,57,Female,HR,Sales Executive,Master's,11,119341,4,83.91,Yes,4,3,No
E1878,34,Female,Marketing,Operations Manager,PhD,2,104854,2,66.76,No,5,3,Yes
E1879,50,Female,IT,Sales Executive,Bachelor's,16,138604,5,67.2,No,4,12,No
E1880,55,Male,Sales,HR Executive,PhD,2,51026,1,71.56,Yes,4,7,No
E1881,41,Male,Finance,HR Executive,Bachelor's,18,52672,4,66.14,No,5,0,No
E1882,57,Female,Finance,HR Executive,Bachelor's,19,63417,1,91.02,No,4,7,No
E1883,25,Female,Operations,Marketing Specialist,High School,3,77413,4,90.32,No,5,4,No
E1884,39,Male,Finance,Sales Executive,High School,2,149044,5,69.76,No,5,12,No
E1885,34,Male,Marketing,HR Executive,PhD,15,90066,4,94.26,No,5,13,No
E1886,46,Male,HR,Financial Analyst,High School,11,84213,4,70.42,No,2,10,No
E1887,24,Male,Sales,Operations Manager,High School,7,75971,3,75.54,No,3,0,Yes
E1888,45,Female,Marketing,Operations Manager,High School,16,52281,5,73.71,No,2,3,Yes
E1889,45,Female,Sales,Financial Analyst,PhD,6,138978,2,78.03,No,5,1,No
E1890,38,Male,Sales,Operations Manager,Master's,10,53091,2,73.91,No,3,3,No
E1891,28,Female,HR,Marketing Specialist,High School,17,75494,5,82.11,Yes,3,7,No
E1892,59,Male,Operations,Marketing Specialist,High School,0,128864,2,79.26,No,5,4,Yes
E1893,34,Female,Finance,Software Engineer,PhD,2,138755,5,99.53,No,3,0,No
E1894,52,Male,HR,Software Engineer,Master's,3,43610,2,66.96,Yes,3,6,Yes
E1895,58,Female,Marketing,Software Engineer,High School,12,26079,3,69.98,Yes,2,0,No
E1896,53,Male,Operations,Operations Manager,Bachelor's,5,120386,2,66.85,No,3,8,No
E1897,43,Male,Marketing,Marketing Specialist,PhD,13,71751,4,86.9,No,5,2,Yes
E1898,35,Female,Operations,Marketing Specialist,High School,4,111126,5,66.91,No,1,11,Yes
E1899,53,Male,Marketing,Marketing Specialist,High School,15,80432,1,94.28,No,1,2,No
E1900,45,Female,HR,Financial Analyst,Bachelor's,14,55951,1,82.92,Yes,1,14,No
E1901,37,Female,Operations,Marketing Specialist,Bachelor's,14,105863,5,83.45,No,5,14,No
E1902,53,Male,Operations,Financial Analyst,PhD,3,103291,3,84.66,No,1,5,No
E1903,22,Female,Sales,Software Engineer,PhD,7,84872,2,70.98,No,2,15,No
E1904,34,Female,Sales,Software Engineer,Bachelor's,15,32235,3,71.92,Yes,5,9,Yes
E1905,59,Female,IT,Operations Manager,PhD,15,107733,1,76.16,No,5,5,No
E1906,26,Female,Marketing,Software Engineer,Bachelor's,3,87712,5,85.77,Yes,5,12,No
E1907,26,Female,Sales,Operations Manager,High School,12,46473,5,72.35,No,3,10,No
E1908,23,Male,IT,HR Executive,Bachelor's,12,92567,3,69.07,No,3,10,No
E1909,27,Female,Sales,HR Executive,Bachelor's,1,131818,3,98.95,No,3,5,Yes
E1910,28,Female,Marketing,Sales Executive,Master's,2,132399,2,65.77,Yes,4,12,No
E1911,35,Female,Operations,Operations Manager,Bachelor's,7,149421,4,93.09,No,2,0,No
E1912,49,Female,Finance,Sales Executive,Bachelor's,14,104823,4,92.58,No,5,4,No
E1913,53,Female,Marketing,Sales Executive,Master's,10,129215,2,75.4,No,5,11,No
E1914,50,Male,HR,HR Executive,PhD,8,134999,4,69.75,No,3,5,No
E1915,59,Female,Sales,Operations Manager,Master's,6,57230,1,70.1,No,5,7,No
E1916,47,Male,Sales,HR Executive,High School,12,109573,4,89.41,No,5,12,No
E1917,56,Male,Operations,Sales Executive,Master's,1,117588,2,87.5,No,1,0,No
E1918,49,Male,HR,Operations Manager,High School,7,93876,4,92.4,No,5,4,No
E1919,58,Male,Operations,Sales Executive,PhD,6,65644,5,97.81,Yes,4,2,No
E1920,53,Female,HR,Marketing Specialist,Master's,11,73664,3,89.22,No,3,1,No
E1921,57,Male,Finance,Operations Manager,Master's,18,70203,1,70.45,No,2,10,Yes
E1922,47,Male,Sales,Operations Manager,PhD,6,91677,5,73.52,Yes,2,7,Yes
E1923,53,Female,Sales,Sales Executive,High School,9,50425,5,94.48,No,1,6,No
E1924,24,Female,Finance,Marketing Specialist,Master's,15,148246,2,72.33,No,2,9,No
E1925,42,Female,IT,Financial Analyst,High School,2,109817,3,67.54,No,2,6,No
E1926,22,Male,Operations,HR Executive,Master's,9,132585,3,89.61,No,3,4,No
E1927,30,Female,Finance,Sales Executive,Bachelor's,5,110961,1,79.09,Yes,3,11,Yes
E1928,25,Female,Operations,Operations Manager,Master's,17,125342,2,97.2,No,4,15,No
E1929,30,Male,Marketing,HR Executive,PhD,17,122649,1,87.76,Yes,1,12,No
E1930,53,Female,Sales,HR Executive,PhD,4,94806,4,68.16,No,2,8,No
E1931,58,Female,Operations,HR Executive,High School,20,67814,5,98.17,Yes,4,4,Yes
E1932,33,Female,HR,Financial Analyst,Master's,6,95219,1,74.05,Yes,1,1,Yes
E1933,51,Female,Operations,Software Engineer,High School,1,74646,5,76.8,No,2,2,No
E1934,56,Male,Marketing,Sales Executive,High School,10,64884,2,79.08,No,2,3,Yes
E1935,44,Female,Sales,Software Engineer,Bachelor's,12,120345,4,66.79,No,3,14,Yes
E1936,35,Female,Finance,Software Engineer,Bachelor's,4,125088,2,82.38,No,5,4,Yes
E1937,49,Male,Marketing,Software Engineer,PhD,5,143198,4,69.32,Yes,1,12,No
E1938,28,Female,Sales,HR Executive,High School,13,94322,4,79.03,Yes,2,2,No
E1939,25,Male,Operations,Marketing Specialist,PhD,11,46650,5,77.27,No,1,11,No
E1940,49,Female,IT,HR Executive,Master's,3,119242,2,92.05,Yes,4,13,No
E1941,24,Male,IT,HR Executive,High School,5,34190,2,93.11,No,4,6,No
E1942,32,Male,HR,Operations Manager,High School,9,63196,1,70.37,No,5,4,Yes
E1943,22,Male,Sales,Operations Manager,Master's,17,64449,2,77.83,No,2,4,No
E1944,47,Male,IT,Software Engineer,Master's,14,64661,1,78.07,No,3,5,No
E1945,51,Female,Finance,HR Executive,PhD,7,54709,3,70.3,No,2,6,No
E1946,56,Male,Sales,Software Engineer,PhD,8,135965,3,92.95,No,1,9,No
E1947,56,Female,Finance,Operations Manager,Master's,4,105428,3,89.75,Yes,4,9,Yes
E1948,46,Male,Finance,Marketing Specialist,PhD,9,100179,2,71.66,Yes,1,15,No
E1949,47,Male,IT,Sales Executive,Master's,19,34943,2,77.84,No,5,7,No
E1950,25,Male,Sales,Software Engineer,High School,5,68240,1,68.7,No,4,8,Yes
E1951,40,Female,Operations,Marketing Specialist,High School,15,70760,4,86.99,No,3,10,No
E1952,31,Male,Marketing,Sales Executive,Bachelor's,2,46042,1,69.25,No,4,3,No
E1953,30,Female,IT,Financial Analyst,High School,9,146770,3,99.51,Yes,2,4,No
E1954,58,Female,IT,Software Engineer,Master's,10,68894,1,92.32,No,2,14,No
E1955,26,Female,Operations,Software Engineer,PhD,10,31869,4,78.66,No,4,4,Yes
E1956,28,Female,Sales,Financial Analyst,Bachelor's,16,86078,2,85.25,Yes,5,7,Yes
E1957,43,Female,Sales,Financial Analyst,PhD,3,81759,1,96.9,No,2,8,Yes
E1958,46,Female,Finance,Software Engineer,Master's,3,130973,3,84.39,Yes,2,6,No
E1959,32,Female,Operations,Financial Analyst,High School,16,69306,3,71.11,No,3,14,Yes
E1960,46,Female,Operations,HR Executive,Bachelor's,8,133369,2,78.25,No,4,4,No
E1961,33,Female,Sales,Sales Executive,Master's,18,80371,1,94.51,No,2,2,Yes
E1962,38,Male,Finance,Sales Executive,Bachelor's,4,45918,4,87.55,No,5,0,No
E1963,45,Male,IT,Sales Executive,Bachelor's,5,53379,2,87.78,No,1,10,No
E1964,53,Male,HR,HR Executive,High School,2,145667,1,95.34,No,4,8,No
E1965,32,Male,Marketing,Financial Analyst,Master's,0,133475,5,96.29,No,3,4,No
E1966,56,Male,IT,Marketing Specialist,PhD,19,115810,3,97.19,No,2,8,No
E1967,24,Female,Sales,Financial Analyst,Bachelor's,15,108232,4,68.32,No,5,9,No
E1968,25,Female,Marketing,Software Engineer,Bachelor's,10,27962,4,84.04,Yes,4,14,No
E1969,57,Female,HR,Operations Manager,PhD,12,38851,4,90.92,No,5,11,No
E1970,28,Female,HR,Sales Executive,Master's,9,142626,3,91.49,Yes,5,12,No
E1971,48,Female,Finance,Financial Analyst,Bachelor's,2,70747,1,86.24,Yes,3,13,No
E1972,51,Female,Marketing,Marketing Specialist,Bachelor's,8,77349,2,70.84,No,4,3,No
E1973,29,Female,Finance,Software Engineer,Bachelor's,11,95832,1,92.91,No,2,4,No
E1974,49,Male,IT,HR Executive,Master's,13,81356,2,90.2,Yes,3,3,No
E1975,34,Male,Operations,HR Executive,Master's,0,39745,4,68.01,No,2,1,No
E1976,42,Male,Operations,Marketing Specialist,PhD,17,30730,1,81.23,No,1,11,No
E1977,31,Male,Operations,Software Engineer,Master's,16,38921,4,71.09,No,5,0,Yes
E1978,43,Female,Marketing,Sales Executive,Master's,8,123430,5,76.81,Yes,1,7,No
E1979,21,Female,Operations,Financial Analyst,High School,8,96138,4,65.63,No,5,3,No
E1980,57,Female,IT,Software Engineer,PhD,9,108111,4,79.01,No,3,4,No
E1981,41,Male,Finance,HR Executive,Bachelor's,18,44023,2,84.25,No,2,5,Yes
E1982,46,Female,Marketing,Marketing Specialist,Master's,14,70349,5,86.69,Yes,2,13,No
E1983,56,Female,Finance,Marketing Specialist,Bachelor's,4,106533,4,88.22,Yes,3,7,No
E1984,43,Female,Marketing,Financial Analyst,Bachelor's,14,108286,4,94.27,No,4,10,Yes
E1985,21,Male,Finance,Marketing Specialist,High School,19,66979,5,72.54,No,1,7,No
E1986,35,Female,HR,Marketing Specialist,Master's,1,47837,5,69.22,Yes,1,6,No
E1987,41,Male,Finance,Software Engineer,PhD,12,39997,1,94.8,Yes,2,3,No
E1988,29,Male,Operations,Sales Executive,Master's,15,129975,2,70.48,No,2,5,Yes
E1989,29,Male,HR,Financial Analyst,Bachelor's,14,113603,5,99.12,Yes,2,15,Yes
E1990,30,Male,Finance,Software Engineer,PhD,9,70039,5,94.49,No,3,3,No
E1991,46,Female,Marketing,Sales Executive,Master's,13,45923,3,82.53,Yes,4,14,No
E1992,55,Male,Marketing,Software Engineer,Bachelor's,9,33876,5,99.35,Yes,1,13,No
E1993,45,Male,Marketing,Operations Manager,Bachelor's,13,85973,2,68.41,No,5,6,Yes
E1994,46,Female,Sales,Software Engineer,High School,8,27887,4,75.61,No,3,11,Yes
E1995,31,Female,IT,Marketing Specialist,High School,13,88723,4,87.34,No,1,12,No
E1996,58,Male,Marketing,Sales Executive,High School,2,67422,4,77.25,No,4,11,No
E1997,22,Female,HR,Financial Analyst,Bachelor's,19,127390,4,97.49,No,3,15,No
E1998,27,Male,Marketing,Financial Analyst,Master's,15,76413,3,67.3,No,1,14,No
E1999,38,Male,Sales,Sales Executive,High School,1,127484,5,84.23,Yes,3,12,Yes
E2000,47,Male,Operations,Marketing Specialist,Master's,9,27841,4,85.68,No,1,12,No
